Entry_date;Index;Entered_by;Base;Locality;Specific_Location;Coverage ;Sector_of_origin;Project_1;Origin_of_learning;Source_of_learning;Type_of_learning;Sujet_de_l_apprentissage;Learning;Recommendation/Way_forward;Project_design;Beneficiary_Selection;Implementation_of_Activities;Coordination;Project;PDD;MEAL;Logs;Finance;Audit;RH/Admin;Security;WASH;Shelter/SNFI;Livelihoods;CCCM;CFW;Cash;QIPs;Education;Care_and_Maintenance;Protection_(MHPSS,_GBV);Civil_Society;Database_Management ;CRM;Vocational_Training;CRC;In_camp;Informal_settlment;Village;Township;City;Niamey;Tillabery;Diffa;Nguigmi;Tahoua;N'Gourti;Date_de_l'action_prise;Action_prise;Statut_de_l'action_prise
21/09/2022;A1;Suzanne;Diffa;N/R;N/A;Site informel;N/A;30EUT;AMEU;30EUT_Rapport de mission AME Juillet 2022 + août;Leçon apprise;Environement de l'activité;Il a été constaté que les bénéficiaires sont toujours exposés au soleil et à la pluie lors des distributions sur certains sites (N’gadodo, Bori, Kawa, Mourtchati, Barwa Gana, Tchetcheno Tchougoundi) en Juillet et en Août, ces derniers ne disposant pas d’équipement adéquat (bâches, hangars). ;Mettre en place un système d’ombrage pour l’attente des bénéficiaires.;;;;;;;;;;;;;;;;;;;;;;;;;;;;;;;;;;;;;;;;;
21/09/2022;A2;Suzanne;Diffa;N/R;N/A;Site informel;N/A;30EUT;AMEU;30EUT_Rapport de mission AME Juillet 2022 + août;Leçon apprise;Distribution de kit;Il a été constaté en Juillet la distribution de kits incomplets sur les sites de Bori, Ngadodo et Kawa et en Août à Ngadodo.;Vérifier dès le magasin le nombre de rations (et la quantité) qui doit être apporté sur les différents sites corresponds à ce qui doit être distribué pour éviter de revenir le jour suivant. ;;;;;;;;;;;;;;;;;;;;;;;;;;;;;;;;;;;;;;;;;
21/09/2022;A3;Suzanne;Diffa;N/R;N/A;Site informel;N/A;30EUT;AMEU;30EUT_Rapport de mission AME Juillet 2022 + août;Leçon apprise;Distribution de kit;Il a été constaté par l'AME que les rations n'étaient pas distribuées selon la mesure/poid annoncé par le PAM. Sous-distribution des denrées. ;Mesurer les quantités distribuées tel qu’annoncées par le PAM qui sont apparus en sous-distribution.;;;;;;;;;;;;;;;;;;;;;;;;;;;;;;;;;;;;;;;;;
21/09/2022;A4;Suzanne;Diffa;N/R;N/A;Site informel;N/A;30EUT;AMEU;30EUT_Rapport de mission AME Juillet 2022 + août;Bonne pratique;Dispositif de lavage de main;L’AMEU souhaite souligner la bonne pratique d’avoir pris en compte les recommandations au sujet de ces besoins. Ceux-ci manquant en Juillet étaient présents sur les sites de distribution au mois d’Août ;Continuer à prévoire des dispositifs de lavage de main et des tableaux d'affichage sur les sites de distribution. ;;;;;;;;;;;;;;;;;;;;;;;;;;;;;;;;;;;;;;;;;
21/09/2022;A5;Suzanne;Diffa;N/R;N/A;Site informel;N/A;30EUT;AMEU;30EUT_Rapport de mission AME Juillet 2022 + août;Bonne pratique;Sensibilisation;N/A;Continuer à sensibiliser les bénéficiaires sur les risques liés aux vols et à la perte des cartes de ration alimentaire (pendant et jusqu’à la fin de l’année) et inciter les bénéficiaires à les conserver en lieu sûr ;;;;;;;;;;;;;;;;;;;;;;;;;;;;;;;;;;;;;;;;;
21/09/2022;A6;Suzanne;Diffa;N/R;N/A;Site informel;N/A;30EUT;AMEU;30EUT_Rapport de mission AME Juillet 2022 + août;Leçon apprise;Comité des plaintes;Il a été remonté des comités de plainte un manque de matériel pour la bonne réalisation de leur activité. ;Equiper si possible les différents bureaux de comité des plaintes en visibilités (gilet, casquettes, t-shirt), en chaises, et tentes pour les permettre de rester sous l’ombre pendant la distribution;;;;;;;;;;;;;;;;;;;;;;;;;;;;;;;;;;;;;;;;;
21/09/2022;A7;Suzanne;Diffa;N/R;N/A;Site informel;N/A;30EUT;AMEU;30EUT_Rapport de mission AME Juillet 2022 + août;Leçon apprise;Véhicule/Sécurité;Lors de cette distribution, le véhicule de location utilisé par l’AME a été vérifié par un gendarme et ce dernier a remarqué qu’il manquait quelques pièces. ;Vérifier toutes les pièces des véhicules de location sont au complet;;;;;;;;;;;;;;;;;;;;;;;;;;;;;;;;;;;;;;;;;
21/09/2022;A8;Suzanne;Diffa;N/R;N/A;Site informel;N/A;30EUT;AMEU;30EUT_Rapport de mission AME Juillet 2022 + août;Leçon apprise;Sécurité;Il a été observé que lors des distributions de Juillet et d'Aout, les véhicules ne sont pas parties à l'heure indiquée par la sécurité.;Veillez au respect de l’heure sécu;;;;;;;;;;;;;;;;;;;;;;;;;;;;;;;;;;;;;;;;;
21/09/2022;A9;Suzanne;Tillabéry;Banibangou;N/R;Commune;Livelihood;30EDO;AMEU;30EDO_Rapprt d'analyse des focus groupe AVEC Banibangou_versionfinale;Leçon apprise;Suivi programme;Les bénéficiaires ont affirmé avoir rencontré des difficultés dans la conduite de leurs activités AVEC. Ils ont avancé comme problème le manque de formation et de suivi de proximité;Encadrer le déroulement des AVEC avec un suivi régulier de la part du programme.;;;;;;;;;;;;;;;;;;;;;;;;;;;;;;;;;;;;;;;;;
21/09/2022;A10;Suzanne;Tillabéry;Banibangou;N/R;Commune;Livelihood;30EDO;AMEU;30EDO_Rapprt d'analyse des focus groupe AVEC Banibangou_versionfinale;Leçon apprise;Formation;Les bénéficiaires ont affirmé avoir rencontré des difficultés dans la conduite de leurs activités AVEC. Ils ont avancé comme problème le manque de formation et de suivi de proximité;Délivrer une formation en AVEC, gestion financière;;;;;;;;;;;;;;;;;;;;;;;;;;;;;;;;;;;;;;;;;
21/09/2022;A11;Suzanne;Tillabéry;Abala;N/R;Commune;Livelihood;30EDO;AMEU;30EDO_Rapprt d'analyse des focus groupe AVEC Abala_versionfinale;Leçon apprise;Démarrage Activité;Toutes les bénéficiaires présents lors des groupes de discussion ont dit se sentir en sécurité pour démarrer les activités AVEC avec ACTED dans leur village. Et selon les bénéficiaires, les activités de AVEC n’ont pas engendré de tension dans les ménages ni dans les communautés.  ;Entamer le démarrage des activités AVEC dans les villages ciblés. ;;;;;;;;;;;;;;;;;;;;;;;;;;;;;;;;;;;;;;;;;
21/09/2022;A12;Suzanne;Tillabéry;Abala;N/R;Commune;Livelihood;30EDO;AMEU;30EDO_Rapprt d'analyse des focus groupe AVEC Abala_versionfinale;Leçon apprise;Formation;Les bénéficiaires ont exprimé le besoin d'être formés pour assurer le bon fonctionnement des AVEC.;Fournir des formations sur les AVEC, en entreprenariat;;;;;;;;;;;;;;;;;;;;;;;;;;;;;;;;;;;;;;;;;
21/09/2022;A13;Suzanne;Tillabéry;Abala;N/R;Commune;Livelihood;30EDO;AMEU;30EDO_Rapprt d'analyse des focus groupe AVEC Abala_versionfinale;Leçon apprise;Suivi programme;Les bénéficiaires ont exprimé le besoin d'être suivis de manière régulière pour assurer le bon fonctionnement des AVEC.;Encadrer le déroulement des AVEC avec un suivi régulier de la part du programme;;;;;;;;;;;;;;;;;;;;;;;;;;;;;;;;;;;;;;;;;
21/09/2022;A14;Suzanne;Tillabéry;Abala;N/R;Commune;Livelihood;30EDO;AMEU;30EDO_Rapprt d'analyse des focus groupe AVEC Abala_versionfinale;Leçon apprise;Kit AVEC;Les bénéficiaires ont exprimé le besoin de matériel pour commencer les AVEC: stylo, caisse, carnets. ;Doter les bénéficiaires des kits AVEC (caisses, les registres, les stylos, etc…);;;;;;;;;;;;;;;;;;;;;;;;;;;;;;;;;;;;;;;;;
21/09/2022;A15;Suzanne;Tillabéry;Abala;N/R;Commune;Livelihood;30EDO;AMEU;30EDO_Rapprt d'analyse des focus groupe AVEC Abala_versionfinale;Leçon apprise;Environement de l'activité;Il a plu lors de la rencontre avec l'équipe AME, ce qui a entrainé une diminution du nombre de persone participant au FGD. Cela freine aussi les recontres entre les membres de la communauté quand il y a du soleil et pas de coin d'ombrage.;Un hangar pour d’éventuelles rencontres des groupements à Kabefo, Dogon Tapki, Tanchillé.;;;;;;;;;;;;;;;;;;;;;;;;;;;;;;;;;;;;;;;;;
21/09/2022;A16;Suzanne;Tillabéry;Abala;N/R;Commune;Livelihood;30EDO;AMEU;30EDO_Rapprt d'analyse des focus groupe AVEC Abala_versionfinale;Leçon apprise;Kit salubrité;L'espace où les entretiens a été fait n'est pas dédié pour ça, les bénéficiaires étaient assis sur le sol.;Doter les bénéficiaires des kits pour la salubrité de leur lieu de rencontre pour augmenter le confort et assurer la propreté du lieu.;;;;;;;;;;;;;;;;;;;;;;;;;;;;;;;;;;;;;;;;;
22/09/2022;A17;Suzanne;Diffa;Diffa;Bitoa;Village;EHA (WASH);30ESS;AMEU;Rapport 30ESS_entretien avec les membres du comié_ 2022_verionfinale;Leçon apprise;Ouvrage EHA;Les usages/utilisateurs du site de Bitoa qui ont suggéré que la rétention en eau du puit réalisé est insuffisante pour abreuver leurs animaux. ;Prendre en compte la préoccupation des usages/utilisateurs du site de Bitoa ;;;;;;;;;;;;;;;;;;;;;;;;;;;;;;;;;;;;;;;;;
22/09/2022;A18;Suzanne;Diffa;Diffa;Bitoa;Village;EHA (WASH);30ESS;AMEU;Rapport 30ESS_entretien avec les membres du comié_ 2022_verionfinale;Leçon apprise;Ouvrage EHA;Sur tous les sites visités, les membres des comités ont demandé un appui en kit d’entretien.;Equiper si possible les membres du comité de gestion d’eau en kit d’entretien et d’hygiène, ;;;;;;;;;;;;;;;;;;;;;;;;;;;;;;;;;;;;;;;;;
23/09/2022;A19;Suzanne;Tillabéry;N/A;Gothèye/Torodi;Localités multiples;EHA (WASH);30ESD;AMEU;30ESD Rapport de mission PIM Wash Gabou Gothèye et Torodi du 17 au 19 aout 2022;Leçon apprise;Coordination externe;A Torodi, la collecte n’a pas pu avoir lieu sur le site où sont installés les déplacés internes cibles de la présente enquête car il y avait, pour la même période, une autre ONG qui les a déjà conviés dans la cour de la mairie pour une activité. Les PDIs étaient partagées entre les deux structures présentes surplace au même moment.;Coordonner les missions avec les points focaux qui travaillent avec les PDIs pour une meilleure efficacité des collectes.;;;;;;;;;;;;;;;;;;;;;;;;;;;;;;;;;;;;;;;;;
23/09/2022;A20;Suzanne;Tillabéry;N/A;Gothèye/Torodi;Localités multiples;EHA (WASH);30ESD;AMEU;30ESD Rapport de mission PIM Wash Gabou Gothèye et Torodi du 17 au 19 aout 2023;Leçon apprise;Perdiem;Les facilitateurs des missions favorisent la mobilisation en plus d'épauler l’équipe dans son travail. Ils ne sint pas rémunérés;Prévoir des perdiems pour les facilitateurs des missions de collecte (points focaux, délégués ….).;;;;;;;;;;;;;;;;;;;;;;;;;;;;;;;;;;;;;;;;;
26/09/2022;A21;Suzanne;Tillabéry;Banibangou;Kouloucta/Sabara Banda/ Bassi Koina/Wagani;Localités multiples;Livelihood;30EDO;AMEU;30EDO_Rapport d'analyse suivi des bénéficiaires AGR_BANIBANGOU_juillet 2022_versionfinale;Leçon apprise;Embouche;Certains bénéficiaires ne parviennent pas à mettre en pratique leurs activités car certaines têtes de bétails qu’ils ont reçus sont en partie soit malades soit mortes ;"Fournir des produits de traitement aux bénéficiaires ayant des têtes de bétail malades et prévoir des campganes de vaccination du cheptel des bénéficiaires. 
Il serait également recommandé de distribuer de nouvelles brebis et bélier en bonne santé aux bénéficiaires ayant perdu la majorité ou la totalité de leur cheptel. ";;;;;;;;;;;;;;;;;;;;;;;;;;;;;;;;;;;;;;;;;
26/09/2022;A22;Suzanne;Tillabéry;Banibangou;Kouloucta/Sabara Banda/ Bassi Koina/Wagani;Localités multiples;Livelihood;30EDO;AMEU;30EDO_Rapport d'analyse suivi des bénéficiaires AGR_BANIBANGOU_juillet 2022_versionfinale;Leçon apprise;Embouche;Certains bénéficiaires demandent certains kits manquants pour la construction et l’entretien des enclos (le râteau) pour animaux;Doter les bénéficiaires des kits de construction et d’entretien des enclos du cheptel comme le râteau.;;;;;;;;;;;;;;;;;;;;;;;;;;;;;;;;;;;;;;;;;
26/09/2022;A23;Suzanne;Tillabéry;Banibangou;Kouloucta/Sabara Banda/ Bassi Koina/Wagani;Localités multiples;Livelihood;30EDO;AMEU;30EDO_Rapport d'analyse suivi des bénéficiaires AGR_BANIBANGOU_juillet 2022_versionfinale;Leçon apprise;Petit commerce;Il est remonté que la quantité des kits était insuffisante pour le site de Wagani et que pour tous les sites la qualité était également insuffisante. ). Des bénéficiaires (le nombre exact ne peut être renseigné) ont été obligés d’acheter une autre farine de bonne qualité qui sera mélangée avec celle reçue avec ACTED pour vendre à la communauté.;Vérifier la qualité des denrées fournit dans les kits au niveau des magasins et sur site; ;;;;;;;;;;;;;;;;;;;;;;;;;;;;;;;;;;;;;;;;
26/09/2022;A24;Suzanne;Tillabéry;Banibangou;Kouloucta/Sabara Banda/ Bassi Koina/Wagani;Localités multiples;Livelihood;30EDO;AMEU;30EDO_Rapport d'analyse suivi des bénéficiaires AGR_BANIBANGOU_juillet 2022_versionfinale;Leçon apprise;Vente article divers;En ce qui concerne les kits, les bénéficiaires sont satisfaits de la composition et de la quantité des kits mais la qualité reste à désirer pour certains éléments (farine et riz) à BASSIKOINA. Certains bénéficiaires demandent des kits adaptés à la demande locale car certains de ces kits sont chers pour la clientèle.;Vérifier la qualité des produits fournits dans les kits au niveau des magasins et sur site; ;;;;;;;;;;;;;;;;;;;;;;;;;;;;;;;;;;;;;;;;
16/02/2023;A27;Gyvenson;Diffa;Diffa;Gueskerou/Agiri;Localités multiples;Cash For Work;30FBW;AMEU;30FBW_Rapport d'analyse de la base de donnéé endline_Gueskerou;Leçon apprise;Selection des bénéficiaires;Une question mal expliquée aux bénéficiaires par  l'enqueteur en question << Connaissez-vous des personnes ayant donné des faveurs pour être sur la liste des bénéficiaires?>> au lieu de répondre par Non, 8 personnes ont répondu oui à cette question et le traitement de faveur est <<Service/Emploi non rémuné>> ce qui a été considéré comme une plainte de niveau 5.;Une investigation a été mené en date du 07/02/2023 afin de vérifier la plainte auprès des bénéficiaires qui l'on déclarés. Contrairement à ce que les données collectées sur le terrain nous laisse croire il's'agit d'une mauvaise interpretation de la question et une imcompréhension de la part de l'enqueteur qui n'a pas bien traduit la questinon en langue maternelle des bénéficiaires, car toutes les reponses de soupçon ont été enregistré par le même enquêteur, Après avoir contacté l'enqueteur et les bénéficiaires en questions, ainsi que l'assistant de redevabilité en question, il s'avere que les bénéficiaires considèrent que le fait d'avoir été selectionné par les membre de comité a été considéré pour eux comme une traitement de faveur ce qui n'est vraiment pas le sens de la question qui a été posé, La redevabilité va considéré cette plainte comme étant fermée après investigation.;;X;;;;;X;;;;;;;;;;;;;;;;;X;X;;;X;X;X;X;X;X;X;X;X;X;X;07/02/2023;"Inclure l’enquêteur dans la prochaine formation de pool pour renforcer ces compétences en collecte de données.
Améliorer l’explication des questions avec des termes à double sens (tel que « faveur ») lors de la journée de formation qui organisée avant la dissémination de tout questionnaire.
Organiser une visite terrain de l’assistant redevabilité pour s’assurer que les plaintes sont bien non-fondées. 
Capitaliser sur cette situation afin de repenser la formulation des questions de redevabilité dans les questionnaires.";
16/02/2023;A28;Gyvenson;Diffa;Diffa;Gueskerou/Agiri;Localités multiples;EHA (WASH);30FBW;Projet;30FBW_Rapport d'analyse de la base de donnéé endline_Gueskerou;Bonne pratique;Selection des bénéficiaires;Informer les bénéficiaires sur les processus de sélection et les critères de sélection;Veuillez suivre le protocole dans le manuel de projet management concernant le processus de sélection des bénéficiaires; ;X;;;X;;;;;;;;X;X;X;X;X;X;X;X;X;X;X;X;X;X;X;X;X;X;X;X;X;X;X;X;X;X;07/02/2023;environ 40 bénéficiaires affirment n'avoir pas été informé lors de la selection des béficiaires sur les critère de selection16/02/2023.;
16/02/2023;A29;Gyvenson;Diffa;Diffa;Gueskerou/Agiri;Localités multiples;Cash For Work;30FBW;PDD;30FBW_Rapport d'analyse de la base de donnéé endline_Gueskerou;Leçon apprise;Suivi programme;31% des bénéficiaires selectionnés affirment connaitre des personnes qui sont dans une extreme vulnérabilité,mais qui n'ont été éligible pour des raisons qu'ils ignorent dans le cadre de la selection endline du 30FBW;Dans le cas ou une autres intervention est prévue dans la même zone, il faudrait trouver un moyen pour verifier les critères de vulnérabilité auprès des personnes qui sont vulnérables mais ont été exclu selon les bénéficiaires séléctionés, si possible les inclurent dans la liste avec les autres personnes lors des futures interventions dans un meme type de projet.; ;X;X;;;X;;;;;;;X;X;X;X;X;X;X;X;X;X;X;X;X;X;X;X;X;X;X;X;X;X;X;X;X;X;;Simple enregistrement sur la base de données avec accusé de reception;
05/04/2023;A31;Abdoul-karim;Diffa;Diffa;Gueskerou/site Djalori;Site informel;Cash;30FIK;AMEU;30FIK_Compte rendu suivi_distribution_Cash 1er round_31.01.2023;Leçon apprise;Distribution Cash;Manque d’ombre ce qui a fait que les bénéficiaires ont assisté aux séances des sensibilisations sous le soleil et cela jusqu’à la fin de la distribution au cours de l'activité de distribution du Cash 1er round du projet 30FIK à la date du 31/01/2023 au niveau du site de djalori à Diffa.;Prévoir des hangars pour les différents postes lors des prochaines distributions en vue de protéger les bénéficiaires; ;;X;X;X;;;X;;;;;X;X;X;X;X;X;X;X;X;X;X;X;X;X;X;X;X;X;X;X;X;X;X;X;X;X;;Simple enregistrement sur la base de données avec accusé de reception;Non applicable
05/04/2023;A32;Abdoul-karim;Diffa;Diffa;Gueskerou/site Djalori;Site informel;Cash;30FIK;AMEU;30FIK_Compte rendu suivi_distribution_Cash 1er round_31.01.2023;Leçon apprise;Distribution Cash;Insuffisance des Kits de travail (table, chaises) pour les agents d’ACTED. Ces derniers ont travaillé toute la journée en étant debout au cours de l'activité de distribution du Cash 1er round du projet 30FIK à la date du 31/01/2023 au niveau du site de djalori à Diffa.;Doter l’équipe qui assure la distribution des tables et chaises qu’ils doivent utiliser sur le site lors de la distribution.; ;;X;;X;;;;;;;;X;X;X;X;X;X;X;X;X;X;X;X;X;X;X;X;X;X;X;X;X;X;X;X;X;X;;Simple enregistrement sur la base de données avec accusé de reception;Non applicable
05/04/2023;A33;Abdoul-karim;Diffa;Diffa;Gueskerou/site Djalori;Site informel;Cash;30FIK;AMEU;30FIK_Compte rendu suivi_distribution_Cash 1er round_31.01.2023;Leçon apprise;Distribution Cash;Insuffisance/Manque de l'eau de boisson au cours de l'activité de distribution du Cash 1er round du projet 30FIK à la date du 31/01/2023 au niveau du site de djalori à Diffa.;Mettre à la disposition des bénéficiaires de l’eau de boisson sur le site pour soulager les besoins de ces derniers qui attendent souvent leurs tours sous le soleil; ;;X;;X;;;;;;;;X;X;X;X;X;X;X;X;X;X;X;X;X;X;X;X;X;X;X;X;X;X;X;X;X;X;;Simple enregistrement sur la base de données avec accusé de reception;Non applicable
05/04/2023;A34;Abdoul-karim;Diffa;Diffa;Gueskerou/site Djalori;Site informel;Cash;30FIK;AMEU;30FIK_Compte rendu suivi_distribution_Cash 1er round_31.01.2023;Leçon apprise;Distribution Cash;Besoins de plus de sensibilisation des bénéficiaires sur l'utilisation du Cash au cours de l'activité de distribution du Cash 1er round du projet 30FIK à la date du 31/01/2023 au niveau du site de djalori à Diffa.;Continuer à sensibiliser les bénéficiaires dans le but d’une bonne utilisation du Cash; ;;X;;;;X;;;;;;X;X;X;X;X;X;X;X;X;X;X;X;X;X;X;X;X;X;X;X;X;X;X;X;X;X;;Simple enregistrement sur la base de données avec accusé de reception;Non applicable
11/04/2023;A35;Abdoul-karim;Diffa;Diffa;Gueskerou/site Djalori;Site informel;Cash;30FIK;AMEU;30 FIK_Diffa-rp;Bonne pratique;Suivi programme;La proclamation finale de la liste des bénéficiaires en présence des autorités locales la population du site, l’équipe programme et l’équipe MEAL pour la question de redevabilité au cours de l'activité vérification de la liste des bénéficiaires du projet 30FIK à la date du 27/01/2023 au niveau du site de djalori à Diffa.;Le MEAL souhaite souligner la bonne pratique d’avoir impliqué les parties prenantes.;;X;;;;;X;;;;;;X;X;X;X;X;X;X;X;X;X;X;X;X;X;X;X;X;X;X;X;X;X;X;X;X;X;;Simple enregistrement sur la base de données avec accusé de reception;Non applicable
11/04/2023;A37;Abdoul-karim;Diffa;Diffa;Gueskerou/site Djalori;Site informel;Cash;30FIK;AMEU;30 FIK_Diffa-rp;Bonne pratique;Suivi programme;Sensibilisation des bénéficiaires sur les critères de sélection des bénéficiaires  et sur le montant à percevoir ainsi que son utilisation dans les différents secteurs du projet( SECAL, ABNA) au cours de l'activité vérification de la liste des bénéficiaires du projet 30FIK à la date du 27/01/2023 au niveau du site de djalori à Diffa.;Le MEAL souhaite souligner la bonne pratique d’avoir fait des sensibilisations sur le montant à percevoir ainsi que son utilisation dans les différents secteurs du projet( SECAL, ABNA).;;;X;;;;X;;;;;;X;X;X;X;X;X;X;X;X;X;X;X;X;X;X;X;X;X;X;X;X;X;X;X;X;X;;Simple enregistrement sur la base de données avec accusé de reception;Non applicable
11/04/2023;A38;Abdoul-karim;Diffa;Diffa;Gueskerou/site Djalori;Site informel;Cash;30FIK;AMEU;30 FIK_Diffa-rp;Bonne pratique;Distribution Cash;Mise en place d’un circuit de distribution par l’équipe programme pendant toutes les distributions au cours de l'activité vérification de la liste des bénéficiaires du projet 30FIK à la date du 27/01/2023 au niveau du site de djalori à Diffa.;Le MEAL souhaite souligner la bonne pratique de mise en place d’un circuit de distribution par l’équipe programme pendant toutes les distributionss.;;;X;;;;X;;;;;;X;X;X;X;X;X;X;X;X;X;X;X;X;X;X;X;X;X;X;X;X;X;X;X;X;X;;Simple enregistrement sur la base de données avec accusé de reception;Non applicable
11/04/2023;A39;Abdoul-karim;Diffa;Diffa;Gueskerou/site Djalori;Site informel;Cash;30FIK;AMEU;30 FIK_Diffa-rp;Bonne pratique;Clôture du projet;Le passage de l’ information sur la fin du projet avant la toute derrière distribution au cours de l'activité vérification de la liste des bénéficiaires du projet 30FIK à la date du 27/01/2023 au niveau du site de djalori à Diffa.;Le MEAL souhaite souligner la bonne pratique d'informer la population de la fin du projet.;;;X;;;;X;;;;;;X;X;X;X;X;X;X;X;X;X;X;X;X;X;X;X;X;X;X;X;X;X;X;X;X;X;;Simple enregistrement sur la base de données avec accusé de reception;Non applicable
11/04/2023;A40;Abdoul-karim;Diffa;Diffa;Gueskerou/site Djalori;Site informel;Cash;30FIK;AMEU;30 FIK_Diffa-rp;Leçon apprise;Selection des bénéficiaires;Les personnes qui ont le même nom et prénom lors de la vérification physique des bénéficiaires a crée une confusion entre les concernées au cours de l'activité vérification de la liste des bénéficiaires du projet 30FIK à la date du 27/01/2023 au niveau du site de djalori à Diffa.;Il faut prendre en compte d'autres variables permettant de bien faire la distinction entre les bénéficiaires pour ne pas créer de conflit entre ces derniers. ;;;X;;;;;;;;;;X;X;X;X;X;X;X;X;X;X;X;X;X;X;X;X;X;X;X;X;X;X;X;X;X;X;;Simple enregistrement sur la base de données avec accusé de reception;Non applicable
17/04/2023;A41;Abdoul-karim;Tillabéry;Banibangou;Banibangou;Localités multiples;MGP;30FFZ;AMEU;30 FFZ Remonté des plaintes de la population de Banibangou.;Leçon apprise;Selection des bénéficiaires;Après la publication de la liste des bénéficiaires, les communautés disent avoir constaté que les ménages ayant eu la chance d'être enquêter par les membres de l'équipe d'enquêteurs du programme sont ceux comme par hasard dont les noms ont été les plus retenus.;Afin d’assurer un meilleur ciblage, il devrait être envisagé de collecter les données au travers d’enquêteurs ne provenant pas de la localité/zone car cela peut entrainer des mauvaises pratiques : biaiser les données pour répondre aux critères de sélection, enregistrer plusieurs fois un même ménage.; ;X;;;;;X;;;;;;X;X;X;X;X;X;X;X;X;X;X;X;X;X;X;X;X;X;X;X;X;X;X;X;X;X;;Simple enregistrement sur la base de données avec accusé de reception;Non applicable
17/04/2023;A42;Abdoul-karim;Diffa;Diffa;Diffa;Localités multiples;MGP;30FFZ;AMEU;30 FFZ Remonté des plaintes de la population de Diffa.;Leçon apprise;Selection des bénéficiaires;La proportion importante de plaintes au sujet du taux très faible de personne sélectionnée par village/site au cours de l'activité vérification de la liste des bénéficiaires du projet 30FFZ à la date du 27/01/2023 au niveau du site de djalori à Diffa.;Il faudrait que pour les futurs ciblages des zones plus restreintes soient sélectionnées afin de maintenir d’éviter une dispersion conséquente de l’aide et le mécontentement des populations.; ;X;;;;;X;;;;;;X;X;X;X;X;X;X;X;X;X;X;X;X;X;X;X;X;X;X;X;X;X;X;X;X;X;;Simple enregistrement sur la base de données avec accusé de reception;Non applicable
02/05/2023;A43;Abdoul-karim;Tillabéry;Banibangou;Banibangou;Site informel;BNA (Kit dignité, Kit abris, etc.);30FHS;AMEU;Annexe 11. Rapport MEAL zone Tillabéri {Mars 2023};Leçon apprise;Distribution de kit;Retard respectivement du 3eme et 4eme camion qui transportaient les nattes, bâches et cordes au cours de l'activité de distribution du kits Abris du projet 30FHS à la date du 18/03/2023 au niveau du site des PDIs de Tilabatt à GARBEY (Banibangou).;Veiller aux chargements et aux acheminement des kits complets à temps sur le terrain. Exiger des camions en bon état. Prioriser l’acheminement en convoi des camions pour que les matériels arrivent sur le site en même temps.; ;;X;;;;;X;;;;;X;X;X;X;X;X;X;X;X;X;X;X;X;X;X;X;X;X;X;X;X;X;X;X;X;X;;Simple enregistrement sur la base de données avec accusé de reception;Non applicable
02/05/2023;A44;Abdoul-karim;Tillabéry;Banibangou;Banibangou;Site informel;BNA (Kit dignité, Kit abris, etc.);30FHS;AMEU;Annexe 11. Rapport MEAL zone Tillabéri {Mars 2023};Leçon apprise;Distribution de kit;Plusieurs bénéficiaires ont vendu certains de leurs kits au cours de l'activité de distribution du kits Abris du projet 30FHS à la date du 18/03/2023 au niveau du site des PDIs de Tilabatt à GARBEY (Banibangou).;"Evaluer les besoins prioritaires des bénéficiaires avant l’intervention (assistance en nature ou en cash) ; Prioriser les personnes en situation d’handicap au courant des distributions des kits."; ;;X;;;;X;;;;;;X;X;X;X;X;X;X;X;X;X;X;X;X;X;X;X;X;X;X;X;X;X;X;X;X;X;;Simple enregistrement sur la base de données avec accusé de reception;Non applicable
02/05/2023;A45;Abdoul-karim;Tillabéry;Abala;Abala;Site informel;MGP;30EDO;AMEU;Annexe 11. Rapport MEAL zone Tillabéri {Mars 2023};Leçon apprise;Sensibilisation;les bénéficiaires ne sont pas sensibilisés sur le MGP ainsi qu’à l’importance des boites à plaintes au cours de l'activité de collecte de données socio-économique  du projet 30EDO allant du 24/02/2023 au 03/03/2023 à Abala.;Sensibiliser les bénéficiaires sur le MGP ainsi qu’à l’importance des boites à plaintes.;X;X;X;;;;X;;;;;;X;X;X;X;X;X;X;X;X;X;X;X;X;X;X;X;X;X;X;X;X;X;X;X;X;X;;Simple enregistrement sur la base de données avec accusé de reception;Non applicable
02/05/2023;A46;Abdoul-karim;Tillabéry;Abala;Abala;Site informel;N/A;30EDO;AMEU;Annexe 11. Rapport MEAL zone Tillabéri {Mars 2023};Leçon apprise;Véhicule/Sécurité;Revoir les conditions de transport des enquêteurs dans le cadre de l'activité de collecte de données socio-économique  du projet 30EDO allant du 24/02/2023 au 03/03/2023 à Abala car les véhicules loués sont des véhicules destinés aux transport de 5 Personnes.;Prévoir  un nombre suffissant de Véhicules permettant de transporter et les personnels et les journaliers tout en respectant le nombre de place disponible dans les différents véhicules.;;X;X;;;;;X;;;;;X;X;X;X;X;X;X;X;X;X;X;X;X;X;X;X;X;X;X;X;X;X;X;X;X;X;;Simple enregistrement sur la base de données avec accusé de reception;Non applicable
02/05/2023;A47;Abdoul-karim;Tillabéry;Banibangou;Banibangou;Site informel;Gestion de base de données;30EDO;AMEU;Annexe 11. Rapport MEAL zone Tillabéri {Mars 2023};Leçon apprise;Questionnaire Midline;Quelques difficultés rencontrées liées aux insuffisances du questionnaire dans le cadre de l'activité collecte des données midline socio-économique du projet 30EDO allant du 27/02/2023 au 07/03/2023 à Abala.;Le questionnaire doit être vérifié par les enquêteurs et les superviseurs avant la descente sur le terrain. ;;;X;;;;X;;;;;;X;X;X;X;X;X;X;X;X;X;X;X;X;X;X;X;X;X;X;X;X;X;X;X;X;X;;Simple enregistrement sur la base de données avec accusé de reception;Non applicable
02/05/2023;A48;Abdoul-karim;Tillabéry;Tillabéry;Gabou et Singuilé;Localités multiples;N/A;30EOD et 30FHS;AMEU;Annexe 11. Rapport MEAL zone Tillabéri {Mars 2023};Leçon apprise;Informations des bénéficiaires.;Sous-information des bénéficiaires des réalisations d’ACTED dans le cadre de l'activité collecte de données PIM Wash_RRM du projet 30EDO allant du 20/03/2023 au 23/03/2023 à Gabou et Singuile.;"Tenir informer les bénéficiaires et leurs représentants des réalisations/assistances d’ACTED et de leurs emplacements; sensibiliser les bénéficiaires sur l’utilisation des latrines construites; S’assurer que les ménages sur la liste sont ceux ayant reçu l’assistance ACTED.";X;X;X;;X;;;;;;;;X;X;X;X;X;X;X;X;X;X;X;X;X;X;X;X;X;X;X;X;X;X;X;X;X;X;;Simple enregistrement sur la base de données avec accusé de reception;Non applicable
02/05/2023;A49;Abdoul-karim;Tillabéry;Tillabéry;Tera et Bankilaré ;Localités multiples;MGP;30EOD et 30FHS;AMEU;Annexe 11. Rapport MEAL zone Tillabéri {Mars 2023};Leçon apprise;Sensibilisation;les bénéficiaires ne sont pas sensibilisés sur le MGP.;Sensibiliser les bénéficiaires sur le MGP ainsi qu’à son importance.;X;X;X;;;;X;;;;;;X;X;X;X;X;X;X;X;X;X;X;X;X;X;X;X;X;X;X;X;X;X;X;X;X;X;;Simple enregistrement sur la base de données avec accusé de reception;Non applicable
02/05/2023;A50;Abdoul-karim;Tillabéry;Tillabéry;Tera et Bankilaré ;Localités multiples;N/A;30EOD et 30FHS;AMEU;Annexe 11. Rapport MEAL zone Tillabéri {Mars 2023};Leçon apprise;Informations des bénéficiaires.;Sous-information des bénéficiaires et leurs leaders  des réalisations d’ACTED dans le cadre de l'activité collecte des données PIM Wash RRM du projet 30EOD et 30FHS à la date du 20/03/2023 au 24/03/2023 à Téra et Bankilaré.;"Tenir informer les bénéficiaires et leurs leaders  des réalisations/assistances d’ACTED et de leurs emplacements; sensibiliser les bénéficiaires sur les kits d’entretien des latrines; Impliquer les bénéficiaires et les représentants dans tout le processus de l’assistance du début à la fin.";X;X;X;;X;;;;;;;;X;X;X;X;X;X;X;X;X;X;X;X;X;X;X;X;X;X;X;X;X;X;X;X;X;X;;Simple enregistrement sur la base de données avec accusé de reception;Non applicable
02/05/2023;A51;Abdoul-karim;Tillabéry;Tillabéry;Tera et Bankilaré ;Localités multiples;N/A;30EOD et 30FHS;AMEU;Annexe 11. Rapport MEAL zone Tillabéri {Mars 2023};Leçon apprise;Jours de collecte des données.;Insuffissance de jours de collecte de données dans le cadre de l'activité collecte des données PIM Wash RRM du projet 30EOD et 30FHS à la date du 20/03/2023 au 24/03/2023 à Téra et Bankilaré.;Prévoir plus de jours de collecte afin d’anticiper tout éventuel contre temps pouvant survenir sur le terrain ;;;X;;;;X;;;;;;X;X;X;X;X;X;X;X;X;X;X;X;X;X;X;X;X;X;X;X;X;X;X;X;X;X;;Simple enregistrement sur la base de données avec accusé de reception;Non applicable
02/05/2023;A52;Abdoul-karim;Tillabéry;Tillabéry;Tera et Bankilaré ;Localités multiples;N/A;30EOD et 30FHS;AMEU;Annexe 11. Rapport MEAL zone Tillabéri {Mars 2023};Leçon apprise;Véhicule/Sécurité;Revoir les conditions de transport des enquêteurs (8 personnes dans un seul véhicule 105) dans le cadre de l'activité collecte des données PIM Wash RRM du projet 30EOD et 30FHS à la date du 20/03/2023 au 24/03/2023 à Téra et Bankilaré car le véhicule est censé transporté que 5 personnes.;Prévoir  un nombre suffissant de Véhicules permettant de transporter et les personnels et les journaliers tout en respectant le nombre de place disponible dans les différents véhicules.;;;X;;;;;X;;;;;X;X;X;X;X;X;X;X;X;X;X;X;X;X;X;X;X;X;X;X;X;X;X;X;X;X;;Simple enregistrement sur la base de données avec accusé de reception;Non applicable
08/05/2023;A53;Abdoul-karim;Tillabéry;Abala;Abala;Site informel;BNA (Kit dignité, Kit abris, etc.);30FJB;AMEU;30FJB_Publication des listes et distribution des coupons_Abala;Leçon apprise;Publication des listes et distribution des coupons;Mécontement avec les non bénéficiaires (ceux n'ayant pas recu de coupon) à la fin de la publication des listes et distribution des cartes bénéficiaires sur le site des retournés (site de déplacés de la commune urbain d'Abala) et l'ont exprimé en clamant une injustice. Au cours de l'activité Publication des listes et distribution des coupons du projet 30FJB le Mercredi 26/04/2023.;Prevoir une mission de re-sensibilisation aux beneficiaries sur l’objectif du projet et les critères de selection des bénéficiaires. Prévoir un site convenable et bien sécurisé comme la mairie pour une publication des listes et distribution des cartes bénéficiaires. Prévoir un site convenable et bien sécurisé comme la mairie pour une publication des listes et distribution des cartes bénéficiaires. ;;X;;;X;;;;;;;;X;X;X;X;X;X;X;X;X;X;X;X;X;X;X;X;X;X;X;X;X;X;X;X;X;X;;Simple enregistrement sur la base de données avec accusé de reception;Non applicable
08/05/2023;A54;Abdoul-karim;Tillabéry;Torodi;Makolondi;Site informel;BNA (Kit dignité, Kit abris, etc.);30FJB;AMEU;30FJB_Rapport de mission verification physique et baseline Makalondi_18 avril 2023_rt.gm;Leçon apprise;Vérification physique et baseline;Des bénéficiaires de certains sites qui résident ailleurs et ils étaient ciblés. Au cours de l’activité vérification physique et Baseline à Makalondi du 11 au 14 Avril 2023 du projet 30FJB.;Faire un bon ciblage par site permettant d'éviter des complications lors de la vérification physique et de la distribution;;X;;;;;X;;;;;;X;X;X;X;X;X;X;X;X;X;X;X;X;X;X;X;X;X;X;X;X;X;X;X;X;X;;Simple enregistrement sur la base de données avec accusé de reception;Non applicable
08/05/2023;A55;Abdoul-karim;Tillabéry;Torodi;Makolondi;Site informel;BNA (Kit dignité, Kit abris, etc.);30FJB;AMEU;30FJB_Rapport de mission verification physique et baseline Makalondi_18 avril 2023_rt.gm;Leçon apprise;Vérification physique et baseline;La collecte des données porte à porte la première journée alors que les bénéficiaires sont très distants les uns des autres. Au cours de l’activité vérification physique et Baseline à Makalondi du 11 au 14 Avril 2023 du projet 30FJB.;Allouer un temps suffisant pour une bonne collecte des données dans la quiétude et moins de stress ;;X;;;;;X;;;;;;X;X;X;X;X;X;X;X;X;X;X;X;X;X;X;X;X;X;X;X;X;X;X;X;X;X;;Simple enregistrement sur la base de données avec accusé de reception;Non applicable
08/05/2023;A56;Abdoul-karim;Tillabéry;Torodi;Makolondi;Site informel;BNA (Kit dignité, Kit abris, etc.);30FJB;AMEU;30FJB_Rapport de mission verification physique et baseline Makalondi_18 avril 2023_rt.gm;Leçon apprise;Vérification physique et baseline;La non-disponibilité des bénéficiaires malgré le passage d’information. Au cours de l’activité vérification physique et Baseline à Makalondi du 11 au 14 Avril 2023 du projet 30FJB,;Impliquer les Chefs traditionnel, les chefs réligieux, les leaders d'opinions pour une bonne prise en compte et une bonne diffusion de l'information.;;X;;;X;;;;;;;;X;X;X;X;X;X;X;X;X;X;X;X;X;X;X;X;X;X;X;X;X;X;X;X;X;X;;Simple enregistrement sur la base de données avec accusé de reception;Non applicable
08/05/2023;A57;Abdoul-karim;Tillabéry;Torodi;Makolondi;Site informel;BNA (Kit dignité, Kit abris, etc.);30FJB;AMEU;30FJB_Rapport de mission verification physique et baseline Makalondi_18 avril 2023_rt.gm;Leçon apprise;Vérification physique et baseline;La démotivation/non collaboration de certains délégués du site.Au cours de l’activité vérification physique et Baseline à Makalondi du 11 au 14 Avril 2023 du projet 30FJB.;Prévoir une motivation pour les délégués des sites pour une meilleure collaboration ;;X;;;X;;;;;;;;X;X;X;X;X;X;X;X;X;X;X;X;X;X;X;X;X;X;X;X;X;X;X;X;X;X;;Simple enregistrement sur la base de données avec accusé de reception;Non applicable
08/05/2023;A58;Abdoul-karim;Tillabéry;Torodi;Makolondi;Site informel;BNA (Kit dignité, Kit abris, etc.);30FJB;AMEU;30FJB_Rapport de mission verification physique et baseline Makalondi_18 avril 2023_rt.gm;Leçon apprise;Vérification physique et baseline;Utilisation des interprètes du au barrière linguistique. Au cours de l’activité vérification physique et Baseline à Makalondi du 11 au 14 Avril 2023 du projet 30FJB. ;Recruter des enquêteurs qui parlent la langue des bénéficiaires.;;X;;;;;X;;;;;;X;X;X;X;X;X;X;X;X;X;X;X;X;X;X;X;X;X;X;X;X;X;X;X;X;X;;Simple enregistrement sur la base de données avec accusé de reception;Non applicable
09/05/2023;A59;Abdoul-karim;Tillabéry;Abala;Abala;Localités multiples;AVEC;30EDO;AMEU;RE: 30EDO_Rapport d'analyse AVEC_Abala;Leçon apprise;Suivi des activités AVEC;Besoins de formation en AVEC et en entreprenariat. Suite à la mission de suivi des activités AVEC pour le projet 30EDO du 30 août au 2 septembre 2022 dans le département d’Abala.;Fournir des formations sur les AVEC, en entreprenariat. ; ;;X;;X;;;;;;;;X;X;X;X;X;X;X;X;X;X;X;X;X;X;X;X;X;X;X;X;X;X;X;X;X;X;;Simple enregistrement sur la base de données avec accusé de reception;Non applicable
09/05/2023;A60;Abdoul-karim;Tillabéry;Abala;Abala;Localités multiples;AVEC;30EDO;AMEU;RE: 30EDO_Rapport d'analyse AVEC_Abala;Leçon apprise;Suivi des activités AVEC;Besoins en encadrement du deroulement des AVEC et avec un suivi régulier. Suite à la mission de suivi des activités AVEC pour le projet 30EDO du 30 août au 2 septembre 2022 dans le département d’Abala.;Encadrer le déroulement des AVEC avec un suivi régulier de la part du programme. ; ;;X;;X;;;;;;;;X;X;X;X;X;X;X;X;X;X;X;X;X;X;X;X;X;X;X;X;X;X;X;X;X;X;;Simple enregistrement sur la base de données avec accusé de reception;Non applicable
09/05/2023;A61;Abdoul-karim;Tillabéry;Abala;Abala;Localités multiples;AVEC;30EDO;AMEU;RE: 30EDO_Rapport d'analyse AVEC_Abala;Leçon apprise;Suivi des activités AVEC;Manque d'hangars pour d’éventuelles rencontres des groupements à Kabefo, Dogon Tapki, Tanchillé. Suite à la mission de suivi des activités AVEC pour le projet 30EDO du 30 août au 2 septembre 2022 dans le département d’Abala.;Construire un hangar pour d’éventuelles rencontres des groupements à Kabefo, Dogon Tapki, Tanchillé.; ;;X;;X;;;;;;;;X;X;X;X;X;X;X;X;X;X;X;X;X;X;X;X;X;X;X;X;X;X;X;X;X;X;;Simple enregistrement sur la base de données avec accusé de reception;Non applicable
09/05/2023;A62;Abdoul-karim;Tillabéry;Abala;Abala;Localités multiples;AVEC;30EDO;AMEU;RE: 30EDO_Rapport d'analyse AVEC_Abala;Leçon apprise;Suivi des activités AVEC;Manque de kits pour la salubrité des lieux de rencontre. Suite à la mission de suivi des activités AVEC pour le projet 30EDO du 30 août au 2 septembre 2022 dans le département d’Abala.;Doter les bénéficiaires des kits pour la salubrité de leur lieu de rencontre.; ;;X;;X;;;;;;;;X;X;X;X;X;X;X;X;X;X;X;X;X;X;X;X;X;X;X;X;X;X;X;X;X;X;;Simple enregistrement sur la base de données avec accusé de reception;Non applicable
09/05/2023;A63;Abdoul-karim;Tillabéry;Banibangou;Banibangou;Site informel;Cash;30FHS;AMEU;30FHS_Outil de suivi sur site_Distribution cash Garbey 17_04_2023 input hh;Leçon apprise;Distribution Cash;Les bénéficiaires n’ont pas reçu de carte de ration dans le cadre du projet 30FHS, activité Distribution CASH du 16/04/2023 au 17/04/2023.;Prévoir des coupons pour les bénéficiaires pour minimiser les fraudes ; ;;X;;X;;;;;;;;X;X;X;X;X;X;X;X;X;X;X;X;X;X;X;X;X;X;X;X;X;X;X;X;X;X;;Simple enregistrement sur la base de données avec accusé de reception;Non applicable
09/05/2023;A64;Abdoul-karim;Tillabéry;Banibangou;Banibangou;Site informel;Cash;30FHS;AMEU;30FHS_Outil de suivi sur site_Distribution cash Garbey 17_04_2023 input hh;Leçon apprise;Distribution Cash;Les personnes âgées/femmes enceintes n’ont pas reçu leur ration en priorité dans le cadre du projet 30FHS, activité Distribution CASH du 16/04/2023 au 17/04/2023.;Prioriser les personnes âgées/femmes enceintes en priorité; ;;X;;X;;;;;;;;X;X;X;X;X;X;X;X;X;X;X;X;X;X;X;X;X;X;X;X;X;X;X;X;X;X;;Simple enregistrement sur la base de données avec accusé de reception;Non applicable
12/05/2023;A65;Abdoul-karim;Tillabéry;Abala;Abala;Site informel;BNA (Kit dignité, Kit abris, etc.);30FJB;AMEU;30FJB_Publication des listes et distribution des coupons_Abala;Leçon apprise;Publication des listes et distribution des coupons;Une curiosité de la part des enfants qui couraient en touchant le véhicule roulant pouvant, compromettre la sécurité des bénéficiaires (les enfants pouvant se blesser) Au cours de l'activité Publication des listes et distribution des coupons du projet 30FJB le Mercredi 26/04/2023.;Sensibiliser les parents sur les dangers que comporte le fait que les enfants courrent dérrière les véhicules en les touchant  ; ;X;;;X;;;;;;;;X;X;X;X;X;X;X;X;X;X;X;X;X;X;X;X;X;X;X;X;X;X;X;X;X;X;;Simple enregistrement sur la base de données avec accusé de reception;Non applicable
22/05/2023;A66;Abdoul-karim;Tillabéry;Banibangou;Banibangou;Site informel;AGR;30FFZ;AMEU;30FFZ_Etudes des opportunités économiques Banibangou Mai 2023;Leçon apprise;Etude des opportunités économiques ;Les bénéficiaires n’ont pas assez de prérequis sur l’activité du Produit Laitier dans le cadre du  focus group du 02 au 05 Mai 2023 de l'étude des opportunités économiques à Banibangpu du projet 30FFZ.;Faire des séances de formation sur l'AGR produit laitier permettant une meilleure comprehension de celle-ci par les bénéficiaires.; ;;X;;X;;;;;;;;X;X;X;X;X;X;X;X;X;X;X;X;X;X;X;X;X;X;X;X;X;X;X;X;X;X;;Simple enregistrement sur la base de données avec accusé de reception;Non applicable
22/05/2023;A67;Abdoul-karim;Tillabéry;Banibangou;Banibangou;Site informel;AGR;30FFZ;AMEU;30FFZ_Etudes des opportunités économiques Banibangou Mai 2023;Leçon apprise;Etude des opportunités économiques ;2 Bénéficiaires habitent loin du site (qui se sont déplacés dans leurs champs) il a fallu 1 heure pour les attendre dans le cadre du  focus group du 02 au 05 Mai 2023 de l'étude des opportunités économiques à Banibangou du projet 30FFZ.;Informer les bénéficiaires (surtout les 2 bénéficiaires qui résidents hors du site) à temps par les rélais communautaires ou par les moyens de communication permettant de les informés à temps.; ;;X;;X;;;;;;;;X;X;X;X;X;X;X;X;X;X;X;X;X;X;X;X;X;X;X;X;X;X;X;X;X;X;;Simple enregistrement sur la base de données avec accusé de reception;Non applicable
22/05/2023;A68;Abdoul-karim;Tillabéry;Banibangou;Banibangou;Site informel;AGR;30FFZ;AMEU;Rapport 30FFZ_FGD_MEAL_Diffa-N'guigmi_12-Mai-2023_verionfinale;Bonne pratique;Etude des opportunités économiques ;La bonne implication des bénéficiaires (leurs choix sur les AGR et la prise en compte de leurs avis) à permis aux bénéficiaires AGR produit laitier sur les sites de : Maliyari, Blabrine, Djakimea1, et Koulo kandila de basculer dans d'autres AGR car ils n'ont aucune expériences et compétences sur l'AGR produit laitier  dans le cadre du  focus group du 02 au 05 Mai 2023 de l'étude des opportunités économiques à N'Guigmi du projet 30FFZ.;Le MEAL souhaite souligner la bonne pratique d’avoir impliqué les bénéficiaires et de demander leurs avis au cas par rapport au AGR qu'ils ont choissi.; ;;X;;X;;;;;;;;X;X;X;X;X;X;X;X;X;X;X;X;X;X;X;X;X;X;X;X;X;X;X;X;X;X;;Simple enregistrement sur la base de données avec accusé de reception;Non applicable
22/05/2023;A69;Abdoul-karim;Diffa;N'guigmi;N'guigmi;Localités multiples;AGR;30FFZ;AMEU;Rapport 30FFZ_FGD_MEAL_Diffa-N'guigmi_12-Mai-2023_verionfinale;Leçon apprise;Etude des opportunités économiques ;"Les bénéficiaires AGR commerce sur le site de Blabrine ont émis une inquétude : ""dans un programme d'Acted de l'année passé où les bénéficiaires (leur avis) n'ont pas été pris en compte concernant le choix d'une AGR""   rapporté dans le cadre du  focus group du 02 au 05 Mai 2023 de l'étude des opportunités économiques à N'Guigmi du projet 30FFZ.";Respecter les choix des bénéficiaires sur les différentes AGR à réaliser; ;;X;;X;;;;;;;;X;X;X;X;X;X;X;X;X;X;X;X;X;X;X;X;X;X;X;X;X;X;X;X;X;X;;Simple enregistrement sur la base de données avec accusé de reception;Non applicable
22/05/2023;A70;Abdoul-karim;Diffa;N'guigmi;N'guigmi;Localités multiples;AGR;30FFZ;AMEU;Rapport 30FFZ_FGD_MEAL_Diffa-N'guigmi_12-Mai-2023_verionfinale;Leçon apprise;Etude des opportunités économiques ;A N’Guigmi Les bénéficiaires des différents sites d’embouche ont insisté à ce que le programme leur fournisse des races animales qui s’adaptent au milieu  au cours  du  focus group du 02 au 05 Mai 2023 de l'étude des opportunités économiques à N'Guigmi du projet 30FFZ.;Respecter le choix des bénéficiaires des races animales choisies ; ;;X;;X;;;;;;;;X;X;X;X;X;X;X;X;X;X;X;X;X;X;X;X;X;X;X;X;X;X;X;X;X;X;;Simple enregistrement sur la base de données avec accusé de reception;Non applicable
30/05/2023;A71;Abdoul-karim;Diffa;N'guigmi;N'guigmi;Localités multiples;AGR;30FFZ;AMEU;Rapport 30FFZ_FGD_MEAL_Diffa-N'guigmi_12-Mai-2023_verionfinale;Leçon apprise;Etude des opportunités économiques ;Les bénéficiaires des différentes ARG (embouche, commerce, service et produit laitier) ont émis des recommandations à l’endroit de l’équipe programme afin de prendre en compte leur suggestions faites dans les discussion au cours du  focus group du 02 au 05 Mai 2023 de l'étude des opportunités économiques à N'Guigmi du projet 30FFZ.;Prendre en compte les différentes recommandation des bénéficiaires lors des activités des ; ;;X;;X;;;;;;;;X;X;X;X;X;X;X;X;X;X;X;X;X;X;X;X;X;X;X;X;X;X;X;X;X;X;;Simple enregistrement sur la base de données avec accusé de reception;Non applicable
30/05/2023;A72;Abdoul-karim;Diffa;N'guigmi;N'guigmi;Localités multiples;AGR;30FFZ;AMEU;Rapport 30FFZ_FGD_MEAL_Diffa-N'guigmi_12-Mai-2023_verionfinale;Leçon apprise;Etude des opportunités économiques ;Lors des endlines, des activités prévues d’être finalisées dans une période bien déterminée, ne sont pas achevées et sont mal faites dans le cadre du  focus group du 02 au 05 Mai 2023 de l'étude des opportunités économiques à N'Guigmi du projet 30FFZ.;Respecter la période allouée pour les différentes activités prévues sur les sites pour la finalisation des activités à temps et la réussite du projet.; ;;X;;X;;;;;;;;X;X;X;X;X;X;X;X;X;X;X;X;X;X;X;X;X;X;X;X;X;X;X;X;X;X;;Simple enregistrement sur la base de données avec accusé de reception;Non applicable
30/05/2023;A73;Abdoul-karim;Diffa;N'guigmi;N'guigmi;Localités multiples;AGR;30FFZ;AMEU;Rapport 30FFZ_FGD_MEAL_Diffa-N'guigmi_12-Mai-2023_verionfinale;Leçon apprise;Etude des opportunités économiques ;les bénéficiaires AGR produit laitier à Djibiri et commerce/service à Blabrine ont notifé qu'il non  jamais pratiqué dans le passé cette activité, du coup elles ont demandé à ACTED de les former et les sensibiliser à mieux exploiter l’activité afin qu’elles puissent engendrer un bénéfice dans le cadre du  focus group du 02 au 05 Mai 2023 de l'étude des opportunités économiques à N'Guigmi du projet 30FFZ.;Programmer plusieurs séances de sensibilisation et de formation aux bénéficiaires afin qu’ils puissent connaitre l’importance des activités sur les sites.; ;;X;;X;;;;;;;;X;X;X;X;X;X;X;X;X;X;X;X;X;X;X;X;X;X;X;X;X;X;X;X;X;X;;Simple enregistrement sur la base de données avec accusé de reception;Non applicable
30/05/2023;A74;Abdoul-karim;Diffa;N'guigmi;N'guigmi;Localités multiples;AGR;30FFZ;AMEU;Rapport 30FFZ_FGD_MEAL_Diffa-N'guigmi_12-Mai-2023_verionfinale;Leçon apprise;Etude des opportunités économiques ;Sur les différents sites d’interventions, d’autres bénéficiaires n’ont pas l’expérience/maitrise des activités à mener dans le cadre du  focus group du 02 au 05 Mai 2023 de l'étude des opportunités économiques à N'Guigmi du projet 30FFZ.;Mettre un système de suivi régulier des activités sur les différents sites d’interventions; ;;X;;X;;;;;;;;X;X;X;X;X;X;X;X;X;X;X;X;X;X;X;X;X;X;X;X;X;X;X;X;X;X;;Simple enregistrement sur la base de données avec accusé de reception;Non applicable
30/05/2023;A75;Abdoul-karim;Diffa;N'guigmi;N'guigmi;Localités multiples;AGR;30FFZ;AMEU;Rapport 30FFZ_FGD_MEAL_Diffa-N'guigmi_12-Mai-2023_verionfinale;Leçon apprise;Etude des opportunités économiques ;Les bénéficiaires AGR embouche de Maliyari ont demandé à ACTED lors du FGD de mettre un vétérinaire qui suivra leurs animaux et leur donnera des conseils pour éviter la perte des animaux pour cause des maladies dans le cadre du  focus group du 02 au 05 Mai 2023 de l'étude des opportunités économiques à N'Guigmi du projet 30FFZ.;Mettre si possible à la disposition des bénéficiaires Embouche un vétérinaire qui suivra les animaux régulièrement.; ;;X;;X;;;;;;;;X;X;X;X;X;X;X;X;X;X;X;X;X;X;X;X;X;X;X;X;X;X;X;X;X;X;;Simple enregistrement sur la base de données avec accusé de reception;Non applicable
30/05/2023;A76;Abdoul-karim;Diffa;N'guigmi;N'guigmi;Localités multiples;AGR;30FFZ;AMEU;Rapport 30FFZ_FGD_MEAL_Diffa-N'guigmi_12-Mai-2023_verionfinale;Leçon apprise;Etude des opportunités économiques ;Il s’agit des AGR embouche et produit laitier, à une période donnée, les aliments bétails sont rare à trouver dans la zone et les animaux souvent meurent de faim et des maladies. Pour l’embouche, il y’a une période où la demande et la rentabilité sont très fortes  dans le cadre du  focus group du 02 au 05 Mai 2023 de l'étude des opportunités économiques à N'Guigmi du projet 30FFZ.;Accélérer le processus de la distribution des kits; ;;X;;X;;;;;;;;X;X;X;X;X;X;X;X;X;X;X;X;X;X;X;X;X;X;X;X;X;X;X;X;X;X;;Simple enregistrement sur la base de données avec accusé de reception;Non applicable
30/05/2023;A77;Abdoul-karim;Diffa;N'guigmi;N'guigmi;Localités multiples;AGR;30FFZ;AMEU;Rapport 30FFZ_FGD_MEAL_Diffa-N'guigmi_12-Mai-2023_verionfinale;Leçon apprise;Etude des opportunités économiques ;lors de la discussion avec les bénéficiaires sur le site de Djibiri, les bénéficiaires ont demandé des matériels modernes (réfrigérateur, panneau solaire….etc.). Pour la conservation des produits laitiers sur le site, dans le cadre du  focus group du 02 au 05 Mai 2023 de l'étude des opportunités économiques à N'Guigmi du projet 30FFZ.;Equiper si possible les bénéficiaires de l’’AGR produit laitier par des matériels moderne.; ;;X;;X;;;;;;;;X;X;X;X;X;X;X;X;X;X;X;X;X;X;X;X;X;X;X;X;X;X;X;X;X;X;;Simple enregistrement sur la base de données avec accusé de reception;Non applicable
31/05/2023;A78;Abdoul-karim;Diffa;N'guigmi;N'guigmi;Localités multiples;EHA (WASH);30FHS;AMEU;30FHS_Rapport  de la mission PIM-WASH-RRM-Zone-Diffa-hs_08.05.2023;Leçon apprise;PIM-WASH-RRM;Les clôtures des latrines du nouveau site de Guel Oumarou n’ont pas été bien faite, ce qui fait qu’il y’a plus d’intimité et cela peut empêcher les bénéficiaires d’utiliser ces latrines au cours de l'activité PIM-WASH-RRM du projet 30FHS à la date du 03/05/2023 au 08/05/2023 sur les sites Gamdjini, Nguel Oumarou et Gagala Peulh Nord.;Assurer la vérification de la finition des latrines par le chargé WASH RRM afin d'assurer la bonne réalisation des ouvrages d'assainissement dans le cadre des réponses d'urgence.; ;;X;;X;;;;;;;;X;X;X;X;X;X;X;X;X;X;X;X;X;X;X;X;X;X;X;X;X;X;X;X;X;X;01/06/2023;Envoi de recommandation avec suivi;Accusé de reception
31/05/2023;A79;Abdoul-karim;Diffa;N'guigmi;N'guigmi;Localités multiples;EHA (WASH);30FHS;AMEU;30FHS_Rapport  de la mission PIM-WASH-RRM-Zone-Diffa-hs_08.05.2024;Leçon apprise;PIM-WASH-RRM;Eviter de cibler les personnes qui ne vivaient pas sur les sites RRM, car rend difficile les activités des équipes qui se rendent sur ces sites lors des évaluations au cours de l'activité PIM-WASH-RRM du projet 30FHS à la date du 03/05/2023 au 08/05/2023 sur les sites Gamdjini, Nguel Oumarou et Gagala Peulh Nord.;S’assurer que les ménages déplacés ciblés lors des MSA habitent réellement sur les sites RRM pour faciliter les activités du programme ainsi que les évaluateurs lors de leur visite terrain.; ;;X;;;;X;;;;;;X;X;X;X;X;X;X;X;X;X;X;X;X;X;X;X;X;X;X;X;X;X;X;X;X;X;;Simple enregistrement sur la base de données avec accusé de reception;Non applicable
01/06/2023;A80;Abdoul-karim;Diffa;N'guigmi;Blabrine/Maliyari/Djakiméa2/Ngualéwa;Localités multiples;Aliment bétail;30FFZ;AMEU;30FFZ_Rapport Ciblage des bénéficiaires aliment bétail_Blabrine, Maliyari, Djakiméa 2 et Ngualéwa_02.05 au 19.05.2023;Leçon apprise;Selection des bénéficiaires;"A Blabrine, la population n’a pas collaborer avec les équipes d’Acted car ils ont élaboré des stratégies pour ne pas dire la vérité par rapport aux possessions des animaux des ménages. Chacun voulait enregistrer deux personnes ou plus dans son ménage au cours de l'activité d’identification des bénéficiaires aliment bétail à la date du 02/05 au 19/05/2023 sur les sites de Blabrine, Maliyari, Djakiméa 2 et Ngualéwa. 
Entre autre, les chefs des quartiers ont distribué des livrets de famille et des extraits de naissance à plusieurs personnes pour qu’ils se fassent identifier au cours de l'activité d’identification des bénéficiaires aliment bétail sur les sites de Blabrine, Maliyari, Djakiméa 2 et Ngualéwa.
Au moment d’identification en AG, tous les ménages du site de Blabrine ont confirmé qu’ils ont des animaux et ils ont dit au gens du village de ne pas témoigner le contraire (mentir) pour cause de représailles au cours de l'activité d’identification des bénéficiaires aliment bétail.";"(1) Sensibiliser les ménages sur l’utilité de ne pas faire des fausses déclarations lors des administrations des questionnaires.
(2) Visiter et exiger les pièces (carte d’identité, carte d’électeur, carte BIMS HCR) qui portent la photo de la personne répondante (permettant d’identifier la personne).
(3) Vérifier si tous les signes de la possession d’animaux (présence d’enclos, de gousse d’animaux, d’abreuvoirs, de fourrage ,de corde d’attache pour animaux) y sont dans le ménage. Si oui il faut dire à la personne de dire la vérité et d’avouer le nombre d’animaux qu’ils ont."; ;X;;;;;X;;;;;;X;X;X;X;X;X;X;X;X;X;X;X;X;X;X;X;X;X;X;X;X;X;X;X;X;X;;Planifier une vérification physique au moment de la publication des listes sur le site de Blabrine où la problématique du mensonge a été la plus forte.;(3) En cours
01/06/2023;A81;Abdoul-karim;Tillabéry;Banibangou;Garbey;Site informel;BNA (Kit dignité, Kit abris, etc.);30FHS;AMEU;30FHS_Rapport de mission PIM ABNA_Bébé_Cash SECAL_Banibangou_14_05_2023;Leçon apprise;PIM ABNA_Bébé_Cash SECAL;Le temps impartis de l’activité est insuffisant au cours de l'activité PIM ABNA_Bébé_Cash SECAL du projet 30FHS à la date du 08/05/2023 au 12/05/2023 sur le site de Garbey.;Prévoir un temps suffisant pour des collectes dont les lignes de question sont assez importantes pour éviter toute pression sur les enquêteurs.; ;;X;;;;X;;;;;;X;X;X;X;X;X;X;X;X;X;X;X;X;X;X;X;X;X;X;X;X;X;X;X;X;X;;Simple enregistrement sur la base de données avec accusé de reception à Moustapha Seiditan.;Non applicable
02/06/2023;A82;Abdoul-karim;Tillabéry;Banibangou;Garbey;Site informel;BNA (Kit dignité, Kit abris, etc.);30FHS;AMEU;30FHS_Rapport de mission PIM ABNA_Bébé_Cash SECAL_Banibangou_14_05_2024;Leçon apprise;PIM ABNA_Bébé_Cash SECAL;Faible participation des bénéficiaires à la 1ere journée au cours de l'activité PIM ABNA_Bébé_Cash SECAL du projet 30FHS à la date du 08/05/2023 au 12/05/2023 sur le site de Garbey;Prévenir à temps (2 jours) les bénéficiaires avant l’activité.; ;;X;;X;;;;;;;;X;X;X;X;X;X;X;X;X;X;X;X;X;X;X;X;X;X;X;X;X;X;X;X;X;X;;Simple enregistrement sur la base de données avec accusé de reception à Moustapha Seiditan.;Non applicable
02/06/2023;A83;Abdoul-karim;Tillabéry;Banibangou;Garbey;Site informel;Cash SECAL;30FHS;AMEU;30FHS_Outil de suivi sur site_Distribution cash secal Garbey 17_05_2023;Leçon apprise;Distribution cash secal ;Le site de distribution (la mairie) située à moins de 50 m en face de la gendarmerie de Banibangou, les bénéficiaires n’étaient pas trop confiants à cause du bruit des hélicoptères militaires qui survolaient le jour au cours de l’activité de distribution CASH 2ème Round à la date du 17/04/2023 du projet 30 FHS au PDIs de Garbey;En cas de mouvement des Forces de Défense et de Sécurité (FDS) prévoir un autre site qui ne pas si proche de la Gendarmerie; ;;X;;X;;;;;;;;X;X;X;X;X;X;X;X;X;X;X;X;X;X;X;X;X;X;X;X;X;X;X;X;X;X;;Simple enregistrement sur la base de données avec accusé de reception à Moustapha Seiditan.;Non applicable
05/06/2023;A84;Abdoul-karim;Tillabéry;Banibangou;Garbey;Site informel;Cash SECAL;30FHS;AMEU;30FHS_Outil de suivi sur site_Distribution cash secal Garbey 17_05_2023;Leçon apprise;Distribution cash secal ;L’équipe a rencontré des ennuis liés au manque d’argent, il a fallu interrompre la distribution de 13H15 à 16H30 au cours de l’activité de distribution CASH 2ème Round à la date du 17/04/2023 du projet 30 FHS au PDIs de Garbey.;Faire une bonne planification permettant d’exiger à ce que l’agence de transfert puisse amener la somme prévue avant de commencer la distribution.; ;;X;;X;;;;;;;;X;X;X;X;X;X;X;X;X;X;X;X;X;X;X;X;X;X;X;X;X;X;X;X;X;X;;Simple enregistrement sur la base de données avec accusé de reception à Moustapha Seiditan.;Non applicable
05/06/2023;A85;Abdoul-karim;Tillabéry;Banibangou;Garbey;Site informel;Cash SECAL;30FHS;AMEU;30FHS_Outil de suivi sur site_Distribution cash secal Garbey 17_05_2023;Leçon apprise;Distribution cash secal ;Au courant de cette distribution, le constat est que les personnes âgées/femmes enceintes n’ont pas reçu leur ration en priorité au cours de l’activité de distribution CASH 2ème Round à la date du 17/04/2023 du projet 30 FHS au PDIs de Garbey.;Prioriser les personnes à besoins spécifiques (personnes âgées, femmes enceintes, les personnes handicapées) lors des distributions.; ;;X;;X;;;;;;;;X;X;X;X;X;X;X;X;X;X;X;X;X;X;X;X;X;X;X;X;X;X;X;X;X;X;;Simple enregistrement sur la base de données avec accusé de reception à Moustapha Seiditan.;Non applicable
05/06/2023;A86;Abdoul-karim;Tillabéry;Tillabéry;Tera/Gothèye;Localités multiples;EHA (WASH);30FHS;AMEU;30FHS_Rapport de mission PIM_cash-eau_Gothèye et Tera_29_05_2023;Leçon apprise;PIM-WASH-RRM;Les bénéficiaires affirment avoir des besoins en eau et en nourriture rapportés à l’ACP RRM via un mail dans le cadre de l'activité collecte des données du projet 30FHS à la date du 22/05/2023 au 26/05/2023 sur les sites des PDIs des départements de Gothèye et Téra.;Informer les équipes projets des besoins exprimés des bénéficiaires afin que la possibilité d'un apport supplémentaire soit discuté.; ;;X;;X;;;;;;;;X;X;X;X;X;X;X;X;X;X;X;X;X;X;X;X;X;X;X;X;X;X;X;X;X;X;;Rapporter à l’ACP RRM via un mail;
05/06/2023;A87;Abdoul-karim;Tillabéry;Tillabéry;Tera/Gothèye;Localités multiples;EHA (WASH);30FHS;AMEU;30FHS_Rapport de mission PIM_cash-eau_Gothèye et Tera_29_05_2024;Leçon apprise;PIM-WASH-RRM;La cherté des bidons d’eau (100f le bidon de 25L dans certains quartiers) dû à la distance qui sépare les habitations aux points d’eau (Tera et Gothèye) car les bénéficiaires achètent l’eau auprès des charretiers dans le cadre de l'activité collecte des données du projet 30FHS à la date du 22/05/2023 au 26/05/2023 sur les sites des PDIs des départements de Gothèye et Téra.;"(1) Comprendre le prix du transport par un charretier dans le cash eau distribué/ou donner une prime aux ménages vulnérables (personnes agées, femme seul avec enfants, etc.) afin de compenser l'impossibilité de se rendre au niveau du point d'eau.  
(2) Augmenter la couverture d’eau en construisant/réhabilitant les points d’eau non-fonctionnels aux alentours des PDIs."; ;;X;;X;;;;;;;;X;X;X;X;X;X;X;X;X;X;X;X;X;X;X;X;X;X;X;X;X;X;X;X;X;X;;Simple enregistrement sur la base de données avec accusé de reception;Non applicable
05/06/2023;A88;Abdoul-karim;Tillabéry;Tillabéry;Tera/Gothèye;Localités multiples;EHA (WASH);30FHS;AMEU;30FHS_Rapport de mission PIM_cash-eau_Gothèye et Tera_29_05_2025;Leçon apprise;PIM-WASH-RRM;La longue file d’attente dû à la faible couverture d’eau dans le département difficultés soulevé au cours de l’AG par les bénéficiaires dans le cadre de l'activité collecte des données du projet 30FHS à la date du 22/05/2023 au 26/05/2023 sur les sites des PDIs des départements de Gothèye et Téra.;"(1) Comprendre le prix du transport par un charretier dans le cash eau distribué/ou donner une prime aux ménages vulnérables (personnes agées, femme seul avec enfants, etc.) afin de compenser l'impossibilité de se rendre au niveau du point d'eau.  
(2) Augmenter la couverture d’eau en construisant/réhabilitant les points d’eau non-fonctionnels aux alentours des PDIs."; ;;X;;X;;;;;;;;X;X;X;X;X;X;X;X;X;X;X;X;X;X;X;X;X;X;X;X;X;X;X;X;X;X;;Simple enregistrement sur la base de données avec accusé de reception;Non applicable
05/06/2023;A89;Abdoul-karim;Tillabéry;Tillabéry;Tera/Gothèye;Localités multiples;EHA (WASH);30FHS;AMEU;30FHS_Rapport de mission PIM_cash-eau_Gothèye et Tera_29_05_2026;Leçon apprise;PIM-WASH-RRM;Le manque de moyen de transport d’eau car les points d’eau sont distants des abris, difficulté soulevée au cours de l’AG par les bénéficiaires dans le cadre de l'activité collecte des données du projet 30FHS à la date du 22/05/2023 au 26/05/2023 sur les sites des PDIs des départements de Gothèye et Téra.;"(1) Comprendre le prix du transport par un charretier dans le cash eau distribué/ou donner une prime aux ménages vulnérables (personnes agées, femme seul avec enfants, etc.) afin de compenser l'impossibilité de se rendre au niveau du point d'eau.  
(2) Augmenter la couverture d’eau en construisant/réhabilitant les points d’eau non-fonctionnels aux alentours des PDIs."; ;;X;;X;;;;;;;;X;X;X;X;X;X;X;X;X;X;X;X;X;X;X;X;X;X;X;X;X;X;X;X;X;X;;Simple enregistrement sur la base de données avec accusé de reception;Non applicable
05/06/2023;A90;Abdoul-karim;Tillabéry;Tillabéry;Tera/Gothèye;Localités multiples;EHA (WASH);30FHS;AMEU;30FHS_Rapport de mission PIM_cash-eau_Gothèye et Tera_29_05_2027;Leçon apprise;PIM-WASH-RRM;Le manque des récipients de collecte et de stockage d’eau pour certains bénéficiaires (Tera et Gothèye) dans le cadre de l'activité collecte des données du projet 30FHS à la date du 22/05/2023 au 26/05/2023 sur les sites des PDIs des départements de Gothèye et Téra;Doter les bénéficiaires des kits BNA (récipients de collecte et de stockage d’eau).; ;;X;;X;;;;;;;;X;X;X;X;X;X;X;X;X;X;X;X;X;X;X;X;X;X;X;X;X;X;X;X;X;X;;Simple enregistrement sur la base de données avec accusé de reception;Non applicable
06/06/2023;A91;Abdoul-karim;Diffa;N'guigmi;N'guigmi;Localités multiples;Sécurité Alimentaire;30FNL;AMEU;30FNL_Rapport de suivi de la distribution_Diffa_02-06-2023;Leçon apprise;Distribution vivres ;La première journée, la distribution n’a pas eu lieu sur tous les sites programmés, pour un problème logistique, le camion qui transportait les vivres était tombé en panne au cours de l’activité de distribution des vivres du 29/05 au 01/06/2023 dans les sites des PDIs de Diffa du projet 30FNL.;"(1) Exiger des camions en bon état avec le prestataire.
(2) Faire une vérification complète des camions avant leur départ sur le terrain.
(3) Prioriser l’acheminement en convoi des camions pour que les matériels arrivent sur le site en même temps."; ;;X;;;;;X;;;;;X;X;X;X;X;X;X;X;X;X;X;X;X;X;X;X;X;X;X;X;X;X;X;X;X;X;;Simple enregistrement sur la base de données avec accusé de reception;Non applicable
06/06/2023;A92;Abdoul-karim;Diffa;N'guigmi;N'guigmi;Localités multiples;Sécurité Alimentaire;30FNL;AMEU;30FNL_Rapport de suivi de la distribution_Diffa_02-06-2023;Leçon apprise;Distribution vivres ;Des erreurs de colisage d’huile et manque des bidons pour le colisage ont été constatées sur quelques sites (N’gadodo, N’guel Djigayi 1 et Ari Koukouri) au cours de l’activité de distribution des vivres du 29/05 au 01/06/2023 dans les sites des PDIs de Diffa du projet 30FNL.;"(1) Faire une bonne planification du colisage afin de s'assurer qu'assez de temps est prévu pour vérifier les quantités.
(2) Si c’est aux bénéficiaires d’amener leurs bidons d’huile, il faut les prévenir à temps pour qu’ils puissent prendre des précautions avant la distribution mais
(3) au cas où le projet l’a prévu amener des bidons vides pour le colisage d’huile pour éviter aux bénéficiaires d’aller chercher eux-mêmes leur bidon.
(4) Rectifier les erreurs de colisage d’huile pour bénéficiaires qui n’ont pas eu la quantité d’huile prévue."; ;;X;;X;;;;;;;;X;X;X;X;X;X;X;X;X;X;X;X;X;X;X;X;X;X;X;X;X;X;X;X;X;X;;Simple enregistrement sur la base de données avec accusé de reception;Non applicable
07/06/2023;A93;Abdoul-karim;Diffa;N'guigmi;N'guigmi;Localités multiples;Sécurité Alimentaire;30FNL;AMEU;30FNL_Rapport de suivi de la distribution_Diffa_02-06-2023;Leçon apprise;Distribution vivres ;Besoins de plus de sensibilisation des bénéficiaires sur les risques liés aux vols et à la perte des cartes de ration alimentaire au cours de l’activité de distribution des vivres du 29/05 au 01/06/2023 dans les sites des PDIs de Diffa du projet 30FNL.;Continuer à sensibiliser les bénéficiaires sur les risques liés aux vols et à la perte des cartes de ration alimentaire du début jusqu’à la fin du projet.; ;;X;;X;;;;;;;;X;X;X;X;X;X;X;X;X;X;X;X;X;X;X;X;X;X;X;X;X;X;X;X;X;X;;Des nouvelles cartes de ration aux plaignants avec le témoignage de toutes les parties prenantes.;
07/06/2023;A94;Abdoul-karim;Diffa;N'guigmi;N'guigmi;Localités multiples;Sécurité Alimentaire;30FNL;AMEU;30FNL_Rapport de suivi de la distribution_Diffa_02-06-2023;Leçon apprise;Distribution vivres ;Les agents qui font le colisage sur les sites n’ont pas été informés que la distribution concerne deux mois et que le poids sera multiplié par deux au cours de l’activité de distribution des vivres du 29/05 au 01/06/2023 dans les sites des PDIs de Diffa du projet 30FNL.;Faire un briefing aux journaliers de la distribution s’il y’a un changement au niveau des items afin de bien mesurer la quantité à coliser.; ;;X;;X;;;;;;;;X;X;X;X;X;X;X;X;X;X;X;X;X;X;X;X;X;X;X;X;X;X;X;X;X;X;;Simple enregistrement sur la base de données avec accusé de reception;Non applicable
07/06/2023;A95;Abdoul-karim;Diffa;N'guigmi;N'guigmi;Localités multiples;AGR et SECAL ;30FFZ;AMEU;30FFZ_Compte rendu suivi republication des listes des beneficiaires_Nguigmi.;Leçon apprise;Republication des listes;Malentendus pendant la distribution des coupons au cours de l’activité de republication des listes des bénéficiaires du 26/04 au 09/05/2023 dans le département de Nguigmi du projet 30FFZ.;"(1) Faire un rappel sur les critères de sélection des différents bénéficiaires du projet au cours de l’Assemblée Générale (AG).
(2) Distribuer les coupons provisoires le jour de la republication des listes des bénéficiaires pour mieux décanter le problème avec les personnes qui portent le même nom et prénom."; ;X;;;X;;;;;;;;X;X;X;X;X;X;X;X;X;X;X;X;X;X;X;X;X;X;X;X;X;X;X;X;X;X;;Simple enregistrement sur la base de données avec accusé de reception;Non applicable
08/06/2023;A96;Abdoul-karim;Diffa;N'guigmi;N'guigmi;Localités multiples;AGR et SECAL ;30FFZ;AMEU;30FFZ_Compte rendu suivi republication des listes des beneficiaires_Nguigmi.;Bonne pratique;Republication des listes;Des personnes qui avaient les mêmes noms et prénoms que des bénéficiaires figurant sur les listes se sont présentés au cours de l’activité Republication des listes des bénéficiaires du 26/04 au 09/05/2023 dans le département de Nguigmi du projet 30FFZ. Ils pensaient avoir été sélectionné. Mais après vérification des informations sur les listes, il s'est avéré que ce n'était pas eux.;"(1) Mettre à la disposition de l’équipe terrain toutes les informations nécessaires des données du ciblage pour faciliter les vérifications directement sur le terrain.
(2) Se référer aux informations des données du ciblage pour identifier les vrais bénéficiaires. Il faut utiliser les différentes informations qui sont sur la liste comme nom du grand-père, l’âge, l’état matrimoniale, la carte d’identification…
(3) Convoquer une assemblée générale communautaire pour des questions de transparence./A plus petite échelle, avoir des témoins du comité de sélection ou de plainte"; ;X;;;X;;;;;;;;X;X;X;X;X;X;X;X;X;X;X;X;X;X;X;X;X;X;X;X;X;X;X;X;X;X;;Simple enregistrement sur la base de données avec accusé de reception;Non applicable
08/06/2023;A97;Abdoul-karim;Tillabéry;Banibangou;Kouloucta/Garbey;Localités multiples;MGP;30FKH;AMEU;30NER_Rapport de misson MGP Banibangou_01_06_2023;Leçon apprise;Comité des plaintes;Manque de renforcement de capacité, des matériels de travail (cahiers, stylo ou fiche d’enregistrement des plaintes, badges) et la non-scolarisation de bon nombre des membres des comités de plaintes. Au cours de l’activité collecte des plaintes des boîtes à plaintes du projet 30EDO et mise en place des comités de plainte et de ciblage du 30FKH du 30/05 au 01/06/2023 des sites des PDIs de Banibangou.;"(1) Prévoir des renforcements des capacités des comités des plaintes.
(2) Doter les comités de plaintes des matériels de travail (bics, fiche d’enregistrement des plaintes très simple, de crédits de communication ; des mégaphones pour les comités déscolarisés ; des badges).
(3) Prévoir des fiches d’enregistrement des plaintes très simples compte tenu du niveau de déscolarisation des comités (juste date ; village ; nom et prénoms du plaignant ; description de la plainte ; numéro de téléphone du plaignant).";X;X;X;;;;X;;;;;;X;X;X;X;X;X;X;X;X;X;X;X;X;X;X;X;X;X;X;X;X;X;X;X;X;X;;Simple enregistrement sur la base de données avec accusé de reception;Non applicable
08/06/2023;A98;Abdoul-karim;Tillabéry;Banibangou;Kouloucta/Garbey;Localités multiples;MGP;30FKH;AMEU;30NER_Rapport de misson MGP Banibangou_01_06_2024;Leçon apprise;Boîtes à plaintes;Méconnaissance de l’importance des boites à plaintes par certains bénéficiaires. Au cours de l’activité collecte des plaintes des boîtes à plaintes du projet 30EDO et mise en place des comités de plainte et de ciblage du 30FKH du 30/05 au 01/06/2023 des sites des PDIs de Banibangou.;Renforcer des missions de sensibilisations des bénéficiaires sur le MGP.;X;X;X;;;;X;;;;;;X;X;X;X;X;X;X;X;X;X;X;X;X;X;X;X;X;X;X;X;X;X;X;X;X;X;;Simple enregistrement sur la base de données avec accusé de reception;Non applicable
09/06/2023;A99;Abdoul-karim;Tillabéry;Banibangou;Kouloucta/Garbey;Localités multiples;MGP;30FKH;AMEU;30NER_Rapport de misson MGP Banibangou_01_06_2025;Leçon apprise;Boîtes à plaintes;Certaines boites à plaintes telles que celles de Sabara Banda et Wagani sont rangées dans des maisons. Selon les chefs des sites, ils les ont rangées pour mettre les plaintes qui y sont dedans à l’abris de l’eau (Sabara Banda). Au cours de l’activité collecte des plaintes des boîtes à plaintes du projet 30EDO et mise en place des comités de plainte et de ciblage du 30FKH du 30/05 au 01/06/2023 des sites des PDIs de Banibangou.;"1) Doter les sites des PDIs des boîtes à plaintes permettant de protéger les plaintes de l’eau de pluie.
(2) Sensibiliser les chefs traditionnels/religieux du caractère confidentiel des plaintes du coup la boîtes à plaintes ne doit pas être dans la maison de quelqu’un. ";X;X;X;;;;X;;;;;;X;X;X;X;X;X;X;X;X;X;X;X;X;X;X;X;X;X;X;X;X;X;X;X;X;X;;Simple enregistrement sur la base de données avec accusé de reception;Non applicable
09/06/2023;A100;Abdoul-karim;Tillabéry;Banibangou;Kouloucta/Garbey;Localités multiples;MGP;30FKH;AMEU;30NER_Rapport de misson MGP Banibangou_01_06_2026;Leçon apprise;Demande d'assistance;Peu de bénéficiaires d’ACTED sur le site (Bassi Kwana) en bénéficient d’assistance et pas d’assistance de la part d’ACTED depuis des mois (Wagani). Au cours de l’activité collecte des plaintes des boîtes à plaintes du projet 30EDO et mise en place des comités de plainte et de ciblage du 30FKH du 30/05 au 01/06/2023 des sites des PDIs de Banibangou.;Informer les équipes projets des besoins exprimés des bénéficiaires afin que la possibilité d'un apport supplémentaire soit discuté.; ;;X;;X;;;;;;;;X;X;X;X;X;X;X;X;X;X;X;X;X;X;X;X;X;X;X;X;X;X;X;X;X;X;;Simple enregistrement sur la base de données avec accusé de reception;Non applicable
20/06/2023;A101;Abdoul-karim;Diffa;N'guigmi;N'guigmi;Localités multiples;Sécurité Alimentaire;30FFZ;AMEU;30FFZ_Rapport de suivi_Distribution CASH_SECAL_1er round_Nguigmi_hs_20.06.2023;Leçon apprise;Distribution vivres ;Association de cinq (5) bénéficiaires pour partager un billet de 10 000FCFA pour le frais de transport par manque de monnaie, cela pourrait devenir une source de problème entre les bénéficiaires. Au cours de l’activité de distribution CASH SECAL du projet 30FFZ à N'Guigmi (Blabrine, Maliyari, Djibri, Ari Koukouri, Ngalewa, Djakimea 1 et 2, et Koudo kindila) du 12/06 au 16/06/2023.;Prévoir en avance de la monnaie (billet de deux mille) afin de ne pas demander à cinq bénéficiaires de partager un billet de 10 000 FCFA pour leur faciliter la tâche et éviter certains problèmes.;;;X;;;;;;X;;;;X;X;X;X;X;X;X;X;X;X;X;X;X;X;X;X;X;X;X;X;X;X;X;X;X;X;;Simple enregistrement sur la base de données avec accusé de reception;Non applicable
20/06/2023;A102;Abdoul-karim;Diffa;N'guigmi;N'guigmi;Localités multiples;Sécurité Alimentaire;30FFZ;AMEU;30FFZ_Rapport de suivi_Distribution CASH_SECAL_1er round_Nguigmi_hs_20.06.2024;Leçon apprise;Distribution vivres ;Manque  visibilités pour faciliter l’identification de l’activité que mène le programme sur le site (le titre de l’activité, le nom de bailleur, …) sur le site. Au cours de l’activité de distribution CASH SECAL du projet 30FFZ à N'Guigmi (Blabrine, Maliyari, Djibri, Ari Koukouri, Ngalewa, Djakimea 1 et 2, et Koudo kindila) du 12/06 au 16/06/2023.;Prévoir des visibilités pour faciliter l’identification de l’activité que mène le programme sur le site (le titre de l’activité, le nom de bailleur, …) sur le site.;;;X;;X;;;;;;;;X;X;X;X;X;X;X;X;X;X;X;X;X;X;X;X;X;X;X;X;X;X;X;X;X;X;;Simple enregistrement sur la base de données avec accusé de reception;Non applicable
26/06/2023;A103;Abdoul-karim;Diffa;N'guigmi;N'guigmi;Localités multiples;Sécurité Alimentaire;30FFZ;AMEU;30FFZ_Rapport de suivi_Distribution CASH_SECAL_1er round_Nguigmi_hs_20.06.2025;Leçon apprise;Distribution vivres ;Insuffisance des staffs pour conduire la distribution afin de bien contrôler le circuit. Au cours de l’activité de distribution CASH SECAL du projet 30FFZ à N'Guigmi (Blabrine, Maliyari, Djibri, Ari Koukouri, Ngalewa, Djakimea 1 et 2, et Koudo kindila) du 12/06 au 16/06/2023.;Prévoir plus des staffs ou journaliers pour bien contrôler le circuit de la distribution dans la mesure du possible.;;;X;;X;;;;;;;;X;X;X;X;X;X;X;X;X;X;X;X;X;X;X;X;X;X;X;X;X;X;X;X;X;X;;Simple enregistrement sur la base de données avec accusé de reception;Non applicable
26/06/2023;A104;Abdoul-karim;Diffa;N'guigmi;N'guigmi;Localités multiples;Sécurité Alimentaire;30FFZ;AMEU;30FFZ_Rapport de suivi_Distribution CASH_SECAL_1er round_Nguigmi_hs_20.06.2026;Bonne pratique;Distribution vivres ;Ravitaillement en eau minérale des bénéficiaires sur le lieu de la distribution. Au cours de l’activité de distribution CASH SECAL du projet 30FFZ à N'Guigmi (Blabrine, Maliyari, Djibri, Ari Koukouri, Ngalewa, Djakimea 1 et 2, et Koudo kindila) du 12/06 au 16/06/2023.;Continuer à ravitailler en eau les bénéficiaires sur les lieux de la distribution.;;;X;;X;;;;;;;;X;X;X;X;X;X;X;X;X;X;X;X;X;X;X;X;X;X;X;X;X;X;X;X;X;X;;Simple enregistrement sur la base de données avec accusé de reception;Non applicable
26/06/2023;A105;Abdoul-karim;Diffa;N'guigmi;N'guigmi;Localités multiples;Sécurité Alimentaire;30FFZ;AMEU;30FFZ_Rapport de suivi_Distribution CASH_SECAL_1er round_Nguigmi_hs_20.06.2027;Bonne pratique;Distribution vivres ;Priorisation des femmes, des vieux (personnes âgées) ainsi que les personnes malades en premier lors de la distribution. Au cours de l’activité de distribution CASH SECAL du projet 30FFZ à N'Guigmi (Blabrine, Maliyari, Djibri, Ari Koukouri, Ngalewa, Djakimea 1 et 2, et Koudo kindila) du 12/06 au 16/06/2023;Continuer à faire la priorisation des personnes à besoins spécifiques (femmes cheffes de ménages, personnes âgées, les personnes malades.;;;X;;X;;;;;;;;X;X;X;X;X;X;X;X;X;X;X;X;X;X;X;X;X;X;X;X;X;X;X;X;X;X;;Simple enregistrement sur la base de données avec accusé de reception;Non applicable
03/07/2023;A106;Abdoul-karim;Tillabéry;Abala;Sanam;Localités multiples;Sécurité Alimentaire;30FFZ;AMEU;30FFZ_Sanam Compte rendu suivi distribution sur site cash SECAL_23_06_2023.;Leçon apprise;Distribution vivres ;Le site de distribution n’est pas facilement accessible pour les bénéficiaires avec le risque de se faire attaquer vu la longue distance séparant les sites d’intervention et le site de distribution cash SECAL. Au cours de l’activité de distribution CASH SECAL du projet 30FFZ à Sanam du 16/06 au 19/06/2023.;Revoir la localisation du site de distribution avec les bénéficiaires pour minimiser le risque de se faire attaquer.;;;X;;X;;;;;;;;X;X;X;X;X;X;X;X;X;X;X;X;X;X;X;X;X;X;X;X;X;X;X;X;X;X;;Simple enregistrement sur la base de données avec accusé de reception;Non applicable
03/07/2023;A107;Abdoul-karim;Tillabéry;Abala;Sanam;Localités multiples;Sécurité Alimentaire;30FFZ;AMEU;30FFZ_Sanam Compte rendu suivi distribution sur site cash SECAL_23_06_2023.;Leçon apprise;Distribution vivres ;"Les bénéficiaires qui patientent et ceux qui reçoivent leur liquidités (argent) ne sont pas séparés par une distance ; ce qui peut créer des désordres et occasionner des incidents négatifs. Au cours de l’activité de distribution CASH SECAL du projet 30FFZ à Sanam du 16/06 au 19/06/2023.";Mettre les bénéficiaires en file indien et les séparés d’une distance de quelques mètres.;;;X;;X;;;;;;;;X;X;X;X;X;X;X;X;X;X;X;X;X;X;X;X;X;X;X;X;X;X;X;X;X;X;;Simple enregistrement sur la base de données avec accusé de reception;Non applicable
03/07/2023;A108;Abdoul-karim;Tillabéry;Abala;Sanam;Localités multiples;Sécurité Alimentaire;30FFZ;AMEU;30FFZ_Sanam Compte rendu suivi distribution sur site cash SECAL_23_06_2023.;Leçon apprise;Distribution vivres ;"Les installations sanitaires (toilettes) existantes sont même fermées à clé ; elles ne sont pas utilisées par les bénéficiaires. Au cours de l’activité de distribution CASH SECAL du projet 30FFZ à Sanam du 16/06 au 19/06/2023.";Demander les clés des latrines auprès des gérants des sites si possible.;;;X;;X;;;;;;;;X;X;X;X;X;X;X;X;X;X;X;X;X;X;X;X;X;X;X;X;X;X;X;X;X;X;;Simple enregistrement sur la base de données avec accusé de reception;Non applicable
03/07/2023;A109;Abdoul-karim;Tillabéry;Abala;Sanam;Localités multiples;Sécurité Alimentaire;30FFZ;AMEU;30FFZ_Sanam Compte rendu suivi distribution sur site cash SECAL_23_06_2023.;Leçon apprise;Distribution vivres ;Manque d’eau pour les bénéficiaires. Au cours de l’activité de distribution CASH SECAL du projet 30FFZ à Sanam du 16/06 au 19/06/2023.;Prévoir de l’eau aux bénéficiaires si points d’eau ne sont pas disponibles.;;;X;;X;;;;;;;;X;X;X;X;X;X;X;X;X;X;X;X;X;X;X;X;X;X;X;X;X;X;X;X;X;X;;Simple enregistrement sur la base de données avec accusé de reception;Non applicable
03/07/2023;A110;Abdoul-karim;Tillabéry;Abala;Sanam;Localités multiples;Sécurité Alimentaire;30FFZ;AMEU;30FFZ_Sanam Compte rendu suivi distribution sur site cash SECAL_23_06_2023.;Leçon apprise;Distribution vivres ;Manque d’installation pour se protéger du soleil, du vent et toute autre intempérie de la nature. Les bénéficiaires étaient sous le soleil. Au cours de l’activité de distribution CASH SECAL du projet 30FFZ à Sanam du 16/06 au 19/06/2023.;Prévoir des bâches pour ne pas exposer les bénéficiaires à toute sorte d’intempérie de la nature.;;;X;;X;;;;;;;;X;X;X;X;X;X;X;X;X;X;X;X;X;X;X;X;X;X;X;X;X;X;X;X;X;X;;Simple enregistrement sur la base de données avec accusé de reception;Non applicable
03/07/2023;A111;Abdoul-karim;Tillabéry;Abala;Sanam;Localités multiples;Sécurité Alimentaire;30FFZ;AMEU;30FFZ_Sanam Compte rendu suivi distribution sur site cash SECAL_23_06_2023.;Leçon apprise;Distribution vivres ;Les liquidités ne sont pas arrivées sur le site à l’heure. Au cours de l’activité de distribution CASH SECAL du projet 30FFZ à Sanam du 16/06 au 19/06/2023.;Informer les partenaires (IMF) de se rendre sur le site de distribution à l’heure.;;;X;;X;;;;;;;;X;X;X;X;X;X;X;X;X;X;X;X;X;X;X;X;X;X;X;X;X;X;X;X;X;X;;Simple enregistrement sur la base de données avec accusé de reception;Non applicable
04/07/2023;A112;Abdoul-karim;Tillabéry;Abala;Sanam;Localités multiples;Sécurité Alimentaire;30FFZ;AMEU;30FFZ_Sanam Compte rendu suivi distribution sur site cash SECAL_23_06_2023.;Leçon apprise;Distribution vivres ;Les femmes enceintes, les personnes âgées n’ont pas reçu leur ration en priorité. Au cours de l’activité de distribution CASH SECAL du projet 30FFZ à Sanam du 16/06 au 19/06/2023.;Prioriser toujours les personnes âgées/femmes enceintes.;;;X;;X;;;;;;;;X;X;X;X;X;X;X;X;X;X;X;X;X;X;X;X;X;X;X;X;X;X;X;X;X;X;;Simple enregistrement sur la base de données avec accusé de reception;Non applicable
04/07/2023;A113;Abdoul-karim;Tillabéry;Abala;Sanam;Localités multiples;Sécurité Alimentaire;30FFZ;AMEU;30FFZ_Sanam Compte rendu suivi distribution sur site cash SECAL_23_06_2023.;Leçon apprise;Distribution vivres ;Absences de barrières/ d’autres mesures en place pour gérer la foule. Au cours de l’activité de distribution CASH SECAL du projet 30FFZ à Sanam du 16/06 au 19/06/2023.;Prévoir des barrières (cordes) pour bien délimiter le site de distribution afin de séparer les bénéficiaires qui patientent et ceux qui reçoivent leur argent.;;;X;;X;;;;;;;;X;X;X;X;X;X;X;X;X;X;X;X;X;X;X;X;X;X;X;X;X;X;X;X;X;X;;Simple enregistrement sur la base de données avec accusé de reception;Non applicable
04/07/2023;A114;Abdoul-karim;Tillabéry;Abala;Sanam;Localités multiples;Sécurité Alimentaire;30FFZ;AMEU;30FFZ_Sanam Compte rendu suivi distribution sur site cash SECAL_23_06_2023.;Leçon apprise;Distribution vivres ;La distribution n’avait pas eu lieu en présence du comité de gestion du site de distribution. Au cours de l’activité de distribution CASH SECAL du projet 30FFZ à Sanam du 16/06 au 19/06/2023.;Impliquer toujours les comités de gestion de site de distribution.;;;X;;X;;;;;;;;X;X;X;X;X;X;X;X;X;X;X;X;X;X;X;X;X;X;X;X;X;X;X;X;X;X;;Simple enregistrement sur la base de données avec accusé de reception;Non applicable
05/07/2023;A115;Abdoul-karim;Tillabéry;Abala;Abala;Localités multiples;Sécurité Alimentaire;30FFZ;AMEU;30FFZ_Abala Compte rendu suivi distribution sur site cash SECAL_22_06_2023.;Leçon apprise;Distribution vivres ;"Les bénéficiaires qui patientent et ceux qui sont reçoivent leur liquidités (argent) ne sont pas séparés par une distance ; ce qui peut créer des désordres et occasionner des incidents négatifs. Au cours de l’activité de distribution CASH SECAL du projet 30FFZ à Abala du 12/06 au 13/06/2023.";Mettre les bénéficiaires en file indien et les séparés d’une distance de quelques mètres.;;;X;;X;;;;;;;;X;X;X;X;X;X;X;X;X;X;X;X;X;X;X;X;X;X;X;X;X;X;X;X;X;X;;Simple enregistrement sur la base de données avec accusé de reception;Non applicable
05/07/2023;A116;Abdoul-karim;Tillabéry;Abala;Abala;Localités multiples;Sécurité Alimentaire;30FFZ;AMEU;30FFZ_Abala Compte rendu suivi distribution sur site cash SECAL_22_06_2023.;Leçon apprise;Distribution vivres ;"Les installations sanitaires (toilettes) existantes sont même fermées à clé ; elles ne sont pas utilisées par les bénéficiaires. Au cours de l’activité de distribution CASH SECAL du projet 30FFZ à Abala du 12/06 au 13/06/2023.";Demander les clés des latrines auprès des gérants des sites si possible.;;;X;;X;;;;;;;;X;X;X;X;X;X;X;X;X;X;X;X;X;X;X;X;X;X;X;X;X;X;X;X;X;X;;Simple enregistrement sur la base de données avec accusé de reception;Non applicable
05/07/2023;A117;Abdoul-karim;Tillabéry;Abala;Abala;Localités multiples;Sécurité Alimentaire;30FFZ;AMEU;30FFZ_Abala Compte rendu suivi distribution sur site cash SECAL_22_06_2023.;Leçon apprise;Distribution vivres ;Manque d’eau pour les bénéficiaires. Au cours de l’activité de distribution CASH SECAL du projet 30FFZ à Abala du 12/06 au 13/06/2023.;Prévoir de l’eau aux bénéficiaires si points d’eau ne sont pas disponibles.;;;X;;X;;;;;;;;X;X;X;X;X;X;X;X;X;X;X;X;X;X;X;X;X;X;X;X;X;X;X;X;X;X;;Simple enregistrement sur la base de données avec accusé de reception;Non applicable
06/07/2023;A118;Abdoul-karim;Tillabéry;Abala;Abala;Localités multiples;Sécurité Alimentaire;30FFZ;AMEU;30FFZ_Abala Compte rendu suivi distribution sur site cash SECAL_22_06_2023.;Leçon apprise;Distribution vivres ;Les femmes enceintes, les personnes âgées n’ont pas reçu leur ration en priorité. Au cours de l’activité de distribution CASH SECAL du projet 30FFZ à Abala du 12/06 au 13/06/2023.;Prioriser toujours les personnes âgées/femmes enceintes.;;;X;;X;;;;;;;;X;X;X;X;X;X;X;X;X;X;X;X;X;X;X;X;X;X;X;X;X;X;X;X;X;X;;Simple enregistrement sur la base de données avec accusé de reception;Non applicable
06/07/2023;A119;Abdoul-karim;Tillabéry;Abala;Abala;Localités multiples;Sécurité Alimentaire;30FFZ;AMEU;30FFZ_Abala Compte rendu suivi distribution sur site cash SECAL_22_06_2023.;Leçon apprise;Distribution vivres ;La distribution n’avait pas eu lieu en présence du comité de gestion du site de distribution. Au cours de l’activité de distribution CASH SECAL du projet 30FFZ à Abala du 12/06 au 13/06/2023;Impliquer toujours les comités de gestion de site de distribution.;;;X;;X;;;;;;;;X;X;X;X;X;X;X;X;X;X;X;X;X;X;X;X;X;X;X;X;X;X;X;X;X;X;;Simple enregistrement sur la base de données avec accusé de reception;Non applicable
07/07/2023;A120;Abdoul-karim;Tillabéry;Téra;Ayorou;Localités multiples;Sécurité Alimentaire;30FFZ;AMEU;30FFZ_Ayorou Compte-rendu suivi distribution sur site cash SECAL_22_06_2023.;Leçon apprise;Distribution vivres ;L’équipe chargée de la distribution n’était pas sur le site à l’heure avant la plupart des bénéficiaires. Au cours de l’activité de distribution CASH SECAL du projet 30FFZ à Ayorou du 12/06 au 13/06/2023.;Faire les préparatifs de l’équipe en charge de la distribution à temps afin qu’elle se rende sur le site de distribution avant la plupart des bénéficiaires.;;;X;;X;;;;;;;;X;X;X;X;X;X;X;X;X;X;X;X;X;X;X;X;X;X;X;X;X;X;X;X;X;X;;Simple enregistrement sur la base de données avec accusé de reception;Non applicable
07/07/2023;A121;Abdoul-karim;Tillabéry;Téra;Ayorou;Localités multiples;Sécurité Alimentaire;30FFZ;AMEU;30FFZ_Ayorou Compte-rendu suivi distribution sur site cash SECAL_22_06_2023.;Leçon apprise;Distribution vivres ;Absences de barrières/ d’autres mesures en place pour gérer la foule. Au cours de l’activité de distribution CASH SECAL du projet 30FFZ à Ayorou du 12/06 au 13/06/2023.;Prévoir des barrières (cordes) pour bien délimiter le site de distribution afin de séparer les bénéficiaires qui patientent et ceux qui reçoivent leur argent.;;;X;;X;;;;;;;;X;X;X;X;X;X;X;X;X;X;X;X;X;X;X;X;X;X;X;X;X;X;X;X;X;X;;Simple enregistrement sur la base de données avec accusé de reception;Non applicable
